model,pathway,scenario,region,variables,unit,2019,2020,2025,2030,2035,2040,2050
remind,SSP2-NPi,M0_ref,FR,Production|Electricity|Run-of-river hydro,TWh/year,35.40934675,35.95692224,39.83682768,35.61196005,35.72495541,35.83795076,38.00138535
remind,SSP2-NPi,M0_ref,FR,Production|Electricity|Reservoir,TWh/year,12.75450022,16.25570932,16.72498608,18.34555518,18.40376491,18.46197463,19.57647124
remind,SSP2-NPi,M0_ref,FR,Production|Electricity|Pumped storage hydro,TWh/year,4.905577006,4.947389793,5.386869496,2.405749086,6.952787023,11.49982496,15.58636245
remind,SSP2-NPi,M0_ref,FR,Production|Electricity|Renewable|Wind turbines|Onshore,TWh/year,30.23619282,35.07345978,35.6593363,58.68309379,76.94044647,95.19779914,136.8849361
remind,SSP2-NPi,M0_ref,FR,Production|Electricity|Renewable|Wind turbines|Offshore,TWh/year,0,0,3.320059183,15.80920828,60.04290829,104.2766083,204.914824
remind,SSP2-NPi,M0_ref,FR,Production|Electricity|Renewable|Photovoltaic,TWh/year,10.34630787,11.04328079,20.39896304,36.34399513,87.12771492,137.9114347,233.3370143
remind,SSP2-NPi,M0_ref,FR,Production|Electricity|Renewable|Biomass,TWh/year,2.319000039,2.208656158,2.632739331,2.233909866,2.2842304,2.334550933,2.475481095
remind,SSP2-NPi,M0_ref,FR,Production|Electricity|Renewable|Biogas,TWh/year,2.319000039,2.562041143,2.465499643,2.233909866,2.2842304,2.334550933,2.475481095
remind,SSP2-NPi,M0_ref,FR,Production|Electricity|Renewable|Wave,TWh/year,0,0,0,0,1.858994261,3.717988522,7.976550196
remind,SSP2-NPi,M0_ref,FR,Production|Electricity|Nuclear|Pressure water reactor,TWh/year,338.0388519,295.0764626,300.9520238,294.8761023,232.6923926,170.5086829,0
remind,SSP2-NPi,M0_ref,FR,Production|Electricity|Nuclear|Evolutionary power reactor,TWh/year,0,0,0,0,0,0,0
remind,SSP2-NPi,M0_ref,FR,Production|Electricity|Nuclear|Small modular reactor,TWh/year,0,0,0,0,0,0,0
remind,SSP2-NPi,M0_ref,FR,Production|Electricity|Thermal|Coal,TWh/year,1.386610397,1.207298721,0.6034234,0,0,0,0
remind,SSP2-NPi,M0_ref,FR,Production|Electricity|Thermal|Oil|Conventional,TWh/year,1.467153282,0.232440299,0.348579989,0,0,0,0
remind,SSP2-NPi,M0_ref,FR,Production|Electricity|Thermal|Oil|Cogeneration,TWh/year,0.606075566,0.521052467,0.488434329,0.08591961,0.042959805,0,0
remind,SSP2-NPi,M0_ref,FR,Production|Electricity|Thermal|Natural gas|CCP,TWh/year,22.72263269,19.52452043,6.923350327,16.55842728,9.534683253,2.510939225,0.302558801
remind,SSP2-NPi,M0_ref,FR,Production|Electricity|Thermal|Natural gas|Cogeneration,TWh/year,11.01703403,9.894779586,4.141657901,8.02832838,4.62287673,1.217425079,0.146695176
remind,SSP2-NPi,M0_ref,FR,Production|Electricity|Thermal|Natural gas|Conventional,TWh/year,0.688564627,0.971808709,3.425707648,0.501770524,0.288929796,0.076089067,0.009168449
remind,SSP2-NPi,M0_ref,FR,Production|Electricity|Thermal|Hydrogen,TWh/year,0,0,0,0,1.599599713,3.199199426,14.6695176
remind,SSP2-NPi,M0_ref,FR,Production|Electricity|Flexibilities|Battery,TWh/year,0,0,0,0.17183922,6.09522664,12.01861406,25.21323338
remind,SSP2-NPi,M0_ref,FR,Production|Electricity|Conventional|Waste-to-Energy,TWh/year,1.962230802,1.943617419,3.658986366,1.890231425,1.723299357,1.556367288,1.65032073
remind,SSP2-NPi,M0_ref,FR,Production|Electricity|Import,TWh/year,1.6,2.7,0.33844,3,5.865,8.73,49
remind,SSP2-NPi,M0_ref,FR,Production|Electricity|Export,TWh/year,57.7,57.7,89.9089705,80.92,87.63,94.34,63.78
remind,SSP2-NPi,M0_ref,FR,Production|Electricity|Total (w/o export correction),TWh/year,533.879078,495.1194395,536.876415,574.7,635.85,697,767
remind,SSP2-NPi,M0_ref,FR,Transformation|Electricity|High to medium,TWh/year,475.8168472,438.1758221,443.6468981,494.8897686,552.3617007,609.8336327,750.5696793
remind,SSP2-NPi,M0_ref,FR,Transformation|Electricity|Medium to low,TWh/year,477.779078,440.1194395,447.3058845,496.78,554.085,611.39,752.22
remind,SSP2-NPi,M0_ref,FR,Compensation for losses|Electricity|High,ratio,0.969743434,0.969743434,0.969743434,0.969743434,0.969743434,0.969743434,0.969743434
remind,SSP2-NPi,M0_ref,FR,Compensation for losses|Electricity|Medium,ratio,0.995814607,0.995814607,0.995814607,0.995814607,0.995814607,0.995814607,0.995814607
remind,SSP2-NPi,M0_ref,FR,Compensation for losses|Electricity|Low,ratio,0.970138159,0.970138159,0.970138159,0.970138159,0.970138159,0.970138159,0.970138159
remind,SSP2-NPi,M23_ref,FR,Production|Electricity|Run-of-river hydro,TWh/year,35.40934675,35.95692224,39.83682768,35.69405908,35.62012222,35.54618536,38.0174135
remind,SSP2-NPi,M23_ref,FR,Production|Electricity|Reservoir,TWh/year,12.75450022,16.25570932,16.72498608,18.38784862,18.34975994,18.31167125,19.58472817
remind,SSP2-NPi,M23_ref,FR,Production|Electricity|Pumped storage hydro,TWh/year,4.905577006,4.947389793,5.386869496,2.411295248,6.737226844,11.06315844,14.23976389
remind,SSP2-NPi,M23_ref,FR,Production|Electricity|Renewable|Wind turbines|Onshore,TWh/year,30.23619282,35.07345978,35.6593363,58.81838051,76.27753204,93.73668356,133.4863028
remind,SSP2-NPi,M23_ref,FR,Production|Electricity|Renewable|Wind turbines|Offshore,TWh/year,0,0,3.320059183,15.84565449,59.67954135,103.5134282,197.7949139
remind,SSP2-NPi,M23_ref,FR,Production|Electricity|Renewable|Photovoltaic,TWh/year,10.34630787,11.04328079,20.39896304,36.42778178,62.59516605,88.76255031,140.56025
remind,SSP2-NPi,M23_ref,FR,Production|Electricity|Renewable|Biomass,TWh/year,2.319000039,2.208656158,2.632739331,2.239059873,2.277302332,2.315544791,2.480475
remind,SSP2-NPi,M23_ref,FR,Production|Electricity|Renewable|Biogas,TWh/year,2.319000039,2.562041143,2.465499643,2.239059873,2.277302332,2.315544791,2.480475
remind,SSP2-NPi,M23_ref,FR,Production|Electricity|Renewable|Wave,TWh/year,0,0,0,0,0.600326427,1.200652854,7.992641667
remind,SSP2-NPi,M23_ref,FR,Production|Electricity|Nuclear|Pressure water reactor,TWh/year,338.0388519,295.0764626,300.9520238,303.9093189,256.0684141,208.2275093,83.69306389
remind,SSP2-NPi,M23_ref,FR,Production|Electricity|Nuclear|Evolutionary power reactor,TWh/year,0,0,0,0,0,0,0
remind,SSP2-NPi,M23_ref,FR,Production|Electricity|Nuclear|Small modular reactor,TWh/year,0,0,0,0,0,0,0
remind,SSP2-NPi,M23_ref,FR,Production|Electricity|Thermal|Coal,TWh/year,1.386610397,1.207298721,0.6034234,0,0,0,0
remind,SSP2-NPi,M23_ref,FR,Production|Electricity|Thermal|Oil|Conventional,TWh/year,1.467153282,0.232440299,0.348579989,0,0,0,0
remind,SSP2-NPi,M23_ref,FR,Production|Electricity|Thermal|Oil|Cogeneration,TWh/year,0.606075566,0.521052467,0.488434329,0,0,0,0
remind,SSP2-NPi,M23_ref,FR,Production|Electricity|Thermal|Natural gas|CCP,TWh/year,22.72263269,19.52452043,6.923350327,15.80087329,9.145685177,2.490497064,0.303169167
remind,SSP2-NPi,M23_ref,FR,Production|Electricity|Thermal|Natural gas|Cogeneration,TWh/year,11.01703403,9.894779586,4.141657901,7.661029473,4.434271601,1.207513728,0.146991111
remind,SSP2-NPi,M23_ref,FR,Production|Electricity|Thermal|Natural gas|Conventional,TWh/year,0.688564627,0.971808709,3.425707648,0.478814342,0.277141975,0.075469608,0.009186944
remind,SSP2-NPi,M23_ref,FR,Production|Electricity|Thermal|Hydrogen,TWh/year,0,0,0,0,0.643206887,1.286413773,8.176380556
remind,SSP2-NPi,M23_ref,FR,Production|Electricity|Flexibilities|Battery,TWh/year,0,0,0,0.172235375,1.972857887,3.773480399,10.84059444
remind,SSP2-NPi,M23_ref,FR,Production|Electricity|Conventional|Waste-to-Energy,TWh/year,1.962230802,1.943617419,3.658986366,1.894589123,1.719142825,1.543696527,1.65365
remind,SSP2-NPi,M23_ref,FR,Production|Electricity|Import,TWh/year,1.6,2.7,0.33844,3,4.98,6.96,41.36
remind,SSP2-NPi,M23_ref,FR,Production|Electricity|Export,TWh/year,57.7,57.7,89.9089705,80.92,88.225,95.53,58.54
remind,SSP2-NPi,M23_ref,FR,Production|Electricity|Total (w/o export correction),TWh/year,533.879078,495.1194395,536.876415,582.9,626.9,670.9,720
remind,SSP2-NPi,M23_ref,FR,Transformation|Electricity|High to medium,TWh/year,475.8168472,438.1758221,443.6468981,503.0854109,541.9358572,580.7863035,701.16635
remind,SSP2-NPi,M23_ref,FR,Transformation|Electricity|Medium to low,TWh/year,477.779078,440.1194395,447.3058845,504.98,543.655,582.33,702.82
remind,SSP2-NPi,M23_ref,FR,Compensation for losses|Electricity|High,ratio,0.969743434,0.969743434,0.969743434,0.969743434,0.969743434,0.969743434,0.969743434
remind,SSP2-NPi,M23_ref,FR,Compensation for losses|Electricity|Medium,ratio,0.995814607,0.995814607,0.995814607,0.995814607,0.995814607,0.995814607,0.995814607
remind,SSP2-NPi,M23_ref,FR,Compensation for losses|Electricity|Low,ratio,0.970138159,0.970138159,0.970138159,0.970138159,0.970138159,0.970138159,0.970138159
remind,SSP2-NPi,N1_ref,FR,Production|Electricity|Run-of-river hydro,TWh/year,35.40934675,35.95692224,39.83682768,35.69405908,35.90628668,36.11851427,38.40706479
remind,SSP2-NPi,N1_ref,FR,Production|Electricity|Reservoir,TWh/year,12.75450022,16.25570932,16.72498608,18.38784862,18.49717799,18.60650735,19.78545762
remind,SSP2-NPi,N1_ref,FR,Production|Electricity|Pumped storage hydro,TWh/year,4.905577006,4.947389793,5.386869496,2.411295248,6.521294629,10.63129401,13.99215109
remind,SSP2-NPi,N1_ref,FR,Production|Electricity|Renewable|Wind turbines|Onshore,TWh/year,30.23619282,35.07345978,35.6593363,58.81838051,70.84509436,82.87180821,108.6939949
remind,SSP2-NPi,N1_ref,FR,Production|Electricity|Renewable|Wind turbines|Offshore,TWh/year,0,0,3.320059183,15.84565449,40.25241804,64.65918159,148.4465301
remind,SSP2-NPi,N1_ref,FR,Production|Electricity|Renewable|Photovoltaic,TWh/year,10.34630787,11.04328079,20.39896304,36.42778178,60.65192517,84.87606856,133.8057362
remind,SSP2-NPi,N1_ref,FR,Production|Electricity|Renewable|Biomass,TWh/year,2.319000039,2.208656158,2.632739331,2.239059873,2.295943618,2.352827363,2.50190781
remind,SSP2-NPi,N1_ref,FR,Production|Electricity|Renewable|Biogas,TWh/year,2.319000039,2.562041143,2.465499643,2.239059873,2.295943618,2.352827363,2.50190781
remind,SSP2-NPi,N1_ref,FR,Production|Electricity|Renewable|Wave,TWh/year,0,0,0,0,0,0,0
remind,SSP2-NPi,N1_ref,FR,Production|Electricity|Nuclear|Pressure water reactor,TWh/year,338.0388519,295.0764626,300.9520238,303.9093189,261.4047027,218.9000865,85.62084507
remind,SSP2-NPi,N1_ref,FR,Production|Electricity|Nuclear|Evolutionary power reactor,TWh/year,0,0,0,0,18.64833539,37.29667078,83.02627401
remind,SSP2-NPi,N1_ref,FR,Production|Electricity|Nuclear|Small modular reactor,TWh/year,0,0,0,0,0,0,0
remind,SSP2-NPi,N1_ref,FR,Production|Electricity|Thermal|Coal,TWh/year,1.386610397,1.207298721,0.6034234,0,0,0,0
remind,SSP2-NPi,N1_ref,FR,Production|Electricity|Thermal|Oil|Conventional,TWh/year,1.467153282,0.232440299,0.348579989,0,0,0,0
remind,SSP2-NPi,N1_ref,FR,Production|Electricity|Thermal|Oil|Cogeneration,TWh/year,0.606075566,0.521052467,0.488434329,0,0,0,0
remind,SSP2-NPi,N1_ref,FR,Production|Electricity|Thermal|Natural gas|CCP,TWh/year,22.72263269,19.52452043,6.923350327,15.80087329,9.252005252,2.703137214,0.305788732
remind,SSP2-NPi,N1_ref,FR,Production|Electricity|Thermal|Natural gas|Cogeneration,TWh/year,11.01703403,9.894779586,4.141657901,7.661029473,4.485820728,1.310611983,0.148261204
remind,SSP2-NPi,N1_ref,FR,Production|Electricity|Thermal|Natural gas|Conventional,TWh/year,0.688564627,0.971808709,3.425707648,0.478814342,0.280363796,0.081913249,0.009266325
remind,SSP2-NPi,N1_ref,FR,Production|Electricity|Thermal|Hydrogen,TWh/year,0,0,0,0,0,0,5.281805378
remind,SSP2-NPi,N1_ref,FR,Production|Electricity|Flexibilities|Battery,TWh/year,0,0,0,0.172235375,0.086117688,0,7.135070423
remind,SSP2-NPi,N1_ref,FR,Production|Electricity|Conventional|Waste-to-Energy,TWh/year,1.962230802,1.943617419,3.658986366,1.894589123,1.731570349,1.568551575,1.66793854
remind,SSP2-NPi,N1_ref,FR,Production|Electricity|Import,TWh/year,1.6,2.7,0.33844,3,5.35,7.7,33.06
remind,SSP2-NPi,N1_ref,FR,Production|Electricity|Export,TWh/year,57.7,57.7,89.9089705,80.92,82.095,83.27,51.57
remind,SSP2-NPi,N1_ref,FR,Production|Electricity|Total (w/o export correction),TWh/year,533.879078,495.1194395,536.876415,582.9,615.25,647.6,702.9
remind,SSP2-NPi,N1_ref,FR,Transformation|Electricity|High to medium,TWh/year,475.8168472,438.1758221,443.6468981,503.0854109,536.7734297,570.4614484,682.7220615
remind,SSP2-NPi,N1_ref,FR,Transformation|Electricity|Medium to low,TWh/year,477.779078,440.1194395,447.3058845,504.98,538.505,572.03,684.39
remind,SSP2-NPi,N1_ref,FR,Compensation for losses|Electricity|High,ratio,0.969743434,0.969743434,0.969743434,0.969743434,0.969743434,0.969743434,0.969743434
remind,SSP2-NPi,N1_ref,FR,Compensation for losses|Electricity|Medium,ratio,0.995814607,0.995814607,0.995814607,0.995814607,0.995814607,0.995814607,0.995814607
remind,SSP2-NPi,N1_ref,FR,Compensation for losses|Electricity|Low,ratio,0.970138159,0.970138159,0.970138159,0.970138159,0.970138159,0.970138159,0.970138159
image,SSP2-RCP26,N1_ref,FR,Production|Electricity|Run-of-river hydro,TWh/year,35.40934675,35.95692224,39.83682768,35.69405908,35.90628668,36.11851427,38.40706479
image,SSP2-RCP26,N1_ref,FR,Production|Electricity|Reservoir,TWh/year,12.75450022,16.25570932,16.72498608,18.38784862,18.49717799,18.60650735,19.78545762
image,SSP2-RCP26,N1_ref,FR,Production|Electricity|Pumped storage hydro,TWh/year,4.905577006,4.947389793,5.386869496,2.411295248,6.521294629,10.63129401,13.99215109
image,SSP2-RCP26,N1_ref,FR,Production|Electricity|Renewable|Wind turbines|Onshore,TWh/year,30.23619282,35.07345978,35.6593363,58.81838051,70.84509436,82.87180821,108.6939949
image,SSP2-RCP26,N1_ref,FR,Production|Electricity|Renewable|Wind turbines|Offshore,TWh/year,0,0,3.320059183,15.84565449,40.25241804,64.65918159,148.4465301
image,SSP2-RCP26,N1_ref,FR,Production|Electricity|Renewable|Photovoltaic,TWh/year,10.34630787,11.04328079,20.39896304,36.42778178,60.65192517,84.87606856,133.8057362
image,SSP2-RCP26,N1_ref,FR,Production|Electricity|Renewable|Biomass,TWh/year,2.319000039,2.208656158,2.632739331,2.239059873,2.295943618,2.352827363,2.50190781
image,SSP2-RCP26,N1_ref,FR,Production|Electricity|Renewable|Biogas,TWh/year,2.319000039,2.562041143,2.465499643,2.239059873,2.295943618,2.352827363,2.50190781
image,SSP2-RCP26,N1_ref,FR,Production|Electricity|Renewable|Wave,TWh/year,0,0,0,0,0,0,0
image,SSP2-RCP26,N1_ref,FR,Production|Electricity|Nuclear|Pressure water reactor,TWh/year,338.0388519,295.0764626,300.9520238,303.9093189,261.4047027,218.9000865,85.62084507
image,SSP2-RCP26,N1_ref,FR,Production|Electricity|Nuclear|Evolutionary power reactor,TWh/year,0,0,0,0,18.64833539,37.29667078,83.02627401
image,SSP2-RCP26,N1_ref,FR,Production|Electricity|Nuclear|Small modular reactor,TWh/year,0,0,0,0,0,0,0
image,SSP2-RCP26,N1_ref,FR,Production|Electricity|Thermal|Coal,TWh/year,1.386610397,1.207298721,0.6034234,0,0,0,0
image,SSP2-RCP26,N1_ref,FR,Production|Electricity|Thermal|Oil|Conventional,TWh/year,1.467153282,0.232440299,0.348579989,0,0,0,0
image,SSP2-RCP26,N1_ref,FR,Production|Electricity|Thermal|Oil|Cogeneration,TWh/year,0.606075566,0.521052467,0.488434329,0,0,0,0
image,SSP2-RCP26,N1_ref,FR,Production|Electricity|Thermal|Natural gas|CCP,TWh/year,22.72263269,19.52452043,6.923350327,15.80087329,9.252005252,2.703137214,0.305788732
image,SSP2-RCP26,N1_ref,FR,Production|Electricity|Thermal|Natural gas|Cogeneration,TWh/year,11.01703403,9.894779586,4.141657901,7.661029473,4.485820728,1.310611983,0.148261204
image,SSP2-RCP26,N1_ref,FR,Production|Electricity|Thermal|Natural gas|Conventional,TWh/year,0.688564627,0.971808709,3.425707648,0.478814342,0.280363796,0.081913249,0.009266325
image,SSP2-RCP26,N1_ref,FR,Production|Electricity|Thermal|Hydrogen,TWh/year,0,0,0,0,0,0,5.281805378
image,SSP2-RCP26,N1_ref,FR,Production|Electricity|Flexibilities|Battery,TWh/year,0,0,0,0.172235375,0.086117688,0,7.135070423
image,SSP2-RCP26,N1_ref,FR,Production|Electricity|Conventional|Waste-to-Energy,TWh/year,1.962230802,1.943617419,3.658986366,1.894589123,1.731570349,1.568551575,1.66793854
image,SSP2-RCP26,N1_ref,FR,Production|Electricity|Import,TWh/year,1.6,2.7,0.33844,3,5.35,7.7,33.06
image,SSP2-RCP26,N1_ref,FR,Production|Electricity|Export,TWh/year,57.7,57.7,89.9089705,80.92,82.095,83.27,51.57
image,SSP2-RCP26,N1_ref,FR,Production|Electricity|Total (w/o export correction),TWh/year,533.879078,495.1194395,536.876415,582.9,615.25,647.6,702.9
image,SSP2-RCP26,N1_ref,FR,Transformation|Electricity|High to medium,TWh/year,475.8168472,438.1758221,443.6468981,503.0854109,536.7734297,570.4614484,682.7220615
image,SSP2-RCP26,N1_ref,FR,Transformation|Electricity|Medium to low,TWh/year,477.779078,440.1194395,447.3058845,504.98,538.505,572.03,684.39
image,SSP2-RCP26,N1_ref,FR,Compensation for losses|Electricity|High,ratio,0.969743434,0.969743434,0.969743434,0.969743434,0.969743434,0.969743434,0.969743434
image,SSP2-RCP26,N1_ref,FR,Compensation for losses|Electricity|Medium,ratio,0.995814607,0.995814607,0.995814607,0.995814607,0.995814607,0.995814607,0.995814607
image,SSP2-RCP26,N1_ref,FR,Compensation for losses|Electricity|Low,ratio,0.970138159,0.970138159,0.970138159,0.970138159,0.970138159,0.970138159,0.970138159
image,SSP2-RCP26,N2_ref,FR,Production|Electricity|Run-of-river hydro,TWh/year,35.40934675,35.95692224,39.83682768,35.69405908,36.72455014,37.7550412,38.42215548
image,SSP2-RCP26,N2_ref,FR,Production|Electricity|Reservoir,TWh/year,12.75450022,16.25570932,16.72498608,18.38784862,18.91870765,19.44956668,19.79323161
image,SSP2-RCP26,N2_ref,FR,Production|Electricity|Pumped storage hydro,TWh/year,4.905577006,4.947389793,5.386869496,2.411295248,6.12451518,9.837735112,13.18434604
image,SSP2-RCP26,N2_ref,FR,Production|Electricity|Renewable|Wind turbines|Onshore,TWh/year,30.23619282,35.07345978,35.6593363,58.81838051,66.71060256,74.6028246,96.37571261
image,SSP2-RCP26,N2_ref,FR,Production|Electricity|Renewable|Wind turbines|Offshore,TWh/year,0,0,3.320059183,15.84565449,38.48356919,61.12148389,119.866132
image,SSP2-RCP26,N2_ref,FR,Production|Electricity|Renewable|Photovoltaic,TWh/year,10.34630787,11.04328079,20.39896304,36.42778178,52.19051309,67.95324439,102.2251056
image,SSP2-RCP26,N2_ref,FR,Production|Electricity|Renewable|Biomass,TWh/year,2.319000039,2.208656158,2.632739331,2.239059873,2.349246826,2.459433778,2.506882698
image,SSP2-RCP26,N2_ref,FR,Production|Electricity|Renewable|Biogas,TWh/year,2.319000039,2.562041143,2.465499643,2.239059873,2.349246826,2.459433778,2.506882698
image,SSP2-RCP26,N2_ref,FR,Production|Electricity|Renewable|Wave,TWh/year,0,0,0,0,0,0,0
image,SSP2-RCP26,N2_ref,FR,Production|Electricity|Nuclear|Pressure water reactor,TWh/year,338.0388519,295.0764626,300.9520238,303.9093189,269.8253005,235.7412821,86.44102933
image,SSP2-RCP26,N2_ref,FR,Production|Electricity|Nuclear|Evolutionary power reactor,TWh/year,0,0,0,0,20.31310121,40.62620241,147.9060792
image,SSP2-RCP26,N2_ref,FR,Production|Electricity|Nuclear|Small modular reactor,TWh/year,0,0,0,0,0,0,0
image,SSP2-RCP26,N2_ref,FR,Production|Electricity|Thermal|Coal,TWh/year,1.386610397,1.207298721,0.6034234,0,0,0,0
image,SSP2-RCP26,N2_ref,FR,Production|Electricity|Thermal|Oil|Conventional,TWh/year,1.467153282,0.232440299,0.348579989,0,0,0,0
image,SSP2-RCP26,N2_ref,FR,Production|Electricity|Thermal|Oil|Cogeneration,TWh/year,0.606075566,0.521052467,0.488434329,0,0,0,0
image,SSP2-RCP26,N2_ref,FR,Production|Electricity|Thermal|Natural gas|CCP,TWh/year,22.72263269,19.52452043,6.923350327,15.80087329,9.4334837,3.06609411,0.245117419
image,SSP2-RCP26,N2_ref,FR,Production|Electricity|Thermal|Natural gas|Cogeneration,TWh/year,11.01703403,9.894779586,4.141657901,7.661029473,4.573810279,1.486591084,0.118844809
image,SSP2-RCP26,N2_ref,FR,Production|Electricity|Thermal|Natural gas|Conventional,TWh/year,0.688564627,0.971808709,3.425707648,0.478814342,0.285863143,0.092911943,0.007427801
image,SSP2-RCP26,N2_ref,FR,Production|Electricity|Thermal|Hydrogen,TWh/year,0,0,0,0,0.77426619,1.548532379,1.764102639
image,SSP2-RCP26,N2_ref,FR,Production|Electricity|Flexibilities|Battery,TWh/year,0,0,0,0.172235375,0.086117688,0,0.185695015
image,SSP2-RCP26,N2_ref,FR,Production|Electricity|Conventional|Waste-to-Energy,TWh/year,1.962230802,1.943617419,3.658986366,1.894589123,1.767105821,1.639622519,1.671255132
image,SSP2-RCP26,N2_ref,FR,Production|Electricity|Import,TWh/year,1.6,2.7,0.33844,3,8.61,14.22,28.03
image,SSP2-RCP26,N2_ref,FR,Production|Electricity|Export,TWh/year,57.7,57.7,89.9089705,80.92,67.84,54.76,48.78
image,SSP2-RCP26,N2_ref,FR,Production|Electricity|Total (w/o export correction),TWh/year,533.879078,495.1194395,536.876415,582.9,598.75,614.6,682
image,SSP2-RCP26,N2_ref,FR,Transformation|Electricity|High to medium,TWh/year,475.8168472,438.1758221,443.6468981,503.0854109,537.7528942,572.4203775,659.5787449
image,SSP2-RCP26,N2_ref,FR,Transformation|Electricity|Medium to low,TWh/year,477.779078,440.1194395,447.3058845,504.98,539.52,574.06,661.25
image,SSP2-RCP26,N2_ref,FR,Compensation for losses|Electricity|High,ratio,0.969743434,0.969743434,0.969743434,0.969743434,0.969743434,0.969743434,0.969743434
image,SSP2-RCP26,N2_ref,FR,Compensation for losses|Electricity|Medium,ratio,0.995814607,0.995814607,0.995814607,0.995814607,0.995814607,0.995814607,0.995814607
image,SSP2-RCP26,N2_ref,FR,Compensation for losses|Electricity|Low,ratio,0.970138159,0.970138159,0.970138159,0.970138159,0.970138159,0.970138159,0.970138159
TIAM-UCL,SSP2-RCP45,M23_UB-H2,FR,Production|Electricity|Run-of-river hydro,TWh/year,35.40934675,35.95692224,39.83682768,35.69405908,35.62012222,35.54618536,38.0174135
TIAM-UCL,SSP2-RCP45,M23_UB-H2,FR,Production|Electricity|Reservoir,TWh/year,12.75450022,16.25570932,16.72498608,18.38784862,18.34975994,18.31167125,19.58472817
TIAM-UCL,SSP2-RCP45,M23_UB-H2,FR,Production|Electricity|Pumped storage hydro,TWh/year,4.905577006,4.947389793,5.386869496,2.411295248,6.737226844,11.06315844,14.23976389
TIAM-UCL,SSP2-RCP45,M23_UB-H2,FR,Production|Electricity|Renewable|Wind turbines|Onshore,TWh/year,30.23619282,35.07345978,35.6593363,58.81838051,76.27753204,93.73668356,133.4863028
TIAM-UCL,SSP2-RCP45,M23_UB-H2,FR,Production|Electricity|Renewable|Wind turbines|Offshore,TWh/year,0,0,3.320059183,15.84565449,59.67954135,103.5134282,197.7949139
TIAM-UCL,SSP2-RCP45,M23_UB-H2,FR,Production|Electricity|Renewable|Photovoltaic,TWh/year,10.34630787,11.04328079,20.39896304,36.42778178,62.59516605,88.76255031,140.56025
TIAM-UCL,SSP2-RCP45,M23_UB-H2,FR,Production|Electricity|Renewable|Biomass,TWh/year,2.319000039,2.208656158,2.632739331,2.239059873,2.277302332,2.315544791,2.480475
TIAM-UCL,SSP2-RCP45,M23_UB-H2,FR,Production|Electricity|Renewable|Biogas,TWh/year,2.319000039,2.562041143,2.465499643,2.239059873,2.277302332,2.315544791,2.480475
TIAM-UCL,SSP2-RCP45,M23_UB-H2,FR,Production|Electricity|Renewable|Wave,TWh/year,0,0,0,0,0.600326427,1.200652854,7.992641667
TIAM-UCL,SSP2-RCP45,M23_UB-H2,FR,Production|Electricity|Nuclear|Pressure water reactor,TWh/year,338.0388519,295.0764626,300.9520238,303.9093189,256.0684141,208.2275093,83.69306389
TIAM-UCL,SSP2-RCP45,M23_UB-H2,FR,Production|Electricity|Nuclear|Evolutionary power reactor,TWh/year,0,0,0,0,0,0,0
TIAM-UCL,SSP2-RCP45,M23_UB-H2,FR,Production|Electricity|Nuclear|Small modular reactor,TWh/year,0,0,0,0,0,0,0
TIAM-UCL,SSP2-RCP45,M23_UB-H2,FR,Production|Electricity|Thermal|Coal,TWh/year,1.386610397,1.207298721,0.6034234,0,0,0,0
TIAM-UCL,SSP2-RCP45,M23_UB-H2,FR,Production|Electricity|Thermal|Oil|Conventional,TWh/year,1.467153282,0.232440299,0.348579989,0,0,0,0
TIAM-UCL,SSP2-RCP45,M23_UB-H2,FR,Production|Electricity|Thermal|Oil|Cogeneration,TWh/year,0.606075566,0.521052467,0.488434329,0,0,0,0
TIAM-UCL,SSP2-RCP45,M23_UB-H2,FR,Production|Electricity|Thermal|Natural gas|CCP,TWh/year,22.72263269,19.52452043,6.923350327,15.80087329,9.145685177,2.490497064,0.303169167
TIAM-UCL,SSP2-RCP45,M23_UB-H2,FR,Production|Electricity|Thermal|Natural gas|Cogeneration,TWh/year,11.01703403,9.894779586,4.141657901,7.661029473,4.434271601,1.207513728,0.146991111
TIAM-UCL,SSP2-RCP45,M23_UB-H2,FR,Production|Electricity|Thermal|Natural gas|Conventional,TWh/year,0.688564627,0.971808709,3.425707648,0.478814342,0.277141975,0.075469608,0.009186944
TIAM-UCL,SSP2-RCP45,M23_UB-H2,FR,Production|Electricity|Thermal|Hydrogen,TWh/year,0,0,0,0,0.643206887,1.286413773,8.176380556
TIAM-UCL,SSP2-RCP45,M23_UB-H2,FR,Production|Electricity|Flexibilities|Battery,TWh/year,0,0,0,0.172235375,1.972857887,3.773480399,10.84059444
TIAM-UCL,SSP2-RCP45,M23_UB-H2,FR,Production|Electricity|Conventional|Waste-to-Energy,TWh/year,1.962230802,1.943617419,3.658986366,1.894589123,1.719142825,1.543696527,1.65365
TIAM-UCL,SSP2-RCP45,M23_UB-H2,FR,Production|Electricity|Import,TWh/year,1.6,2.7,0.33844,3,4.98,6.96,41.36
TIAM-UCL,SSP2-RCP45,M23_UB-H2,FR,Production|Electricity|Export,TWh/year,57.7,57.7,89.9089705,80.92,88.225,95.53,58.54
TIAM-UCL,SSP2-RCP45,M23_UB-H2,FR,Production|Electricity|Total (w/o export correction),TWh/year,533.879078,495.1194395,536.876415,582.9,626.9,670.9,720
TIAM-UCL,SSP2-RCP45,M23_UB-H2,FR,Transformation|Electricity|High to medium,TWh/year,475.8168472,438.1758221,443.6468981,503.0854109,541.9358572,580.7863035,701.16635
TIAM-UCL,SSP2-RCP45,M23_UB-H2,FR,Transformation|Electricity|Medium to low,TWh/year,477.779078,440.1194395,447.3058845,504.98,543.655,582.33,702.82
TIAM-UCL,SSP2-RCP45,M23_UB-H2,FR,Compensation for losses|Electricity|High,ratio,0.969743434,0.969743434,0.969743434,0.969743434,0.969743434,0.969743434,0.969743434
TIAM-UCL,SSP2-RCP45,M23_UB-H2,FR,Compensation for losses|Electricity|Medium,ratio,0.995814607,0.995814607,0.995814607,0.995814607,0.995814607,0.995814607,0.995814607
TIAM-UCL,SSP2-RCP45,M23_UB-H2,FR,Compensation for losses|Electricity|Low,ratio,0.970138159,0.970138159,0.970138159,0.970138159,0.970138159,0.970138159,0.970138159
TIAM-UCL,SSP2-RCP45,M23_UB-H2,FR,Efficiency|AE|Stack|Steel,-,0.1,0.1,0.116,0.14,0.16,0.18,0.25
TIAM-UCL,SSP2-RCP45,M23_UB-H2,FR,Efficiency|Hydrogen|AE|Capacity Factor,-,0.95,0.95,0.95,0.95,0.95,0.95,0.95
TIAM-UCL,SSP2-RCP45,M23_UB-H2,FR,Efficiency|Hydrogen|AE|Conversion Factor,-,0.477761836,0.477761836,0.477761836,0.596774194,0.601083032,0.605454545,0.614391144
TIAM-UCL,SSP2-RCP45,M23_UB-H2,FR,Efficiency|Hydrogen|AE|Electricity,-,0.477761836,0.477761836,0.477761836,0.596774194,0.601083032,0.605454545,0.614391144
TIAM-UCL,SSP2-RCP45,M23_UB-H2,FR,Efficiency|Hydrogen|AE|Lifespan,-,0.1,0.1,0.1,0.15,0.15,0.15,0.15
TIAM-UCL,SSP2-RCP45,M23_UB-H2,FR,Efficiency|Hydrogen|PEM|Capacity Factor,-,0.95,0.95,0.95,0.95,0.95,0.95,0.95
TIAM-UCL,SSP2-RCP45,M23_UB-H2,FR,Efficiency|Hydrogen|PEM|Electricity,-,0.483309144,0.483309144,0.483309144,0.589380531,0.598920863,0.608775137,0.629489603
TIAM-UCL,SSP2-RCP45,M23_UB-H2,FR,Efficiency|Hydrogen|PEM|Conversion Factor,-,0.483309144,0.483309144,0.483309144,0.589380531,0.598920863,0.608775137,0.629489603
TIAM-UCL,SSP2-RCP45,M23_UB-H2,FR,Efficiency|Hydrogen|PEM|Lifespan,-,0.1,0.1,0.1,0.1,0.1,0.15,0.15
TIAM-UCL,SSP2-RCP45,M23_UB-H2,FR,Efficiency|PEM|Stack|Activated Carbon,-,0.1,0.1,0.108,0.13,0.14,0.16,0.2
TIAM-UCL,SSP2-RCP45,M23_UB-H2,FR,Efficiency|PEM|Stack|Iridium,-,0.01,0.01,0.018,0.03,0.05,0.09,0.25
TIAM-UCL,SSP2-RCP45,M23_UB-H2,FR,Efficiency|PEM|Stack|Nafion,-,0.1,0.1,0.132,0.2,0.28,0.4,0.8
TIAM-UCL,SSP2-RCP45,M23_UB-H2,FR,Efficiency|PEM|Stack|Platinum,-,0.1,0.1,0.116,0.15,0.19,0.24,0.37
TIAM-UCL,SSP2-RCP45,M23_UB-H2,FR,Efficiency|PEM|Stack|Steel,-,0.1,0.1,0.116,0.14,0.16,0.18,0.25
TIAM-UCL,SSP2-RCP45,M23_UB-H2,FR,Efficiency|PEM|Stack|Titanium,-,0.01,0.01,0.018,0.02,0.04,0.06,0.15
TIAM-UCL,SSP2-RCP45,M23_UB-H2,FR,Production|Hydrogen|AE,kt/year,0,0,2.403284485,4.539800614,4.539800614,4.539800614,4.539800614
TIAM-UCL,SSP2-RCP45,M23_UB-H2,FR,Production|Hydrogen|PEM,kt/year,0,0,0.784326316,80.53017235,93.94215235,93.94215235,93.94215235
TIAM-UCL,SSP2-RCP45,M23_UB-H2,FR,Production|Hydrogen|GenericElectrolysis,kt/year,0,0,0,381.2202897,907.4642422,890.4026348,890.4026348
TIAM-UCL,SSP2-RCP45,M23_UB-H2,FR,Production|Hydrogen|SMR_NG,kt/year,466.402,466.402,466.402,466.402,466.402,466.402,466.402
TIAM-UCL,SSP2-RCP45,M23_UB-H2,FR,Production|Hydrogen|SMR_NG_wCCS,kt/year,0,0,10.612,10.612,10.612,10.612,10.612
TIAM-UCL,SSP2-RCP45,M23_UB-H2,FR,Production|Hydrogen|SMR_biogas_wCCU,kt/year,0,0,0,20,20,20,20
TIAM-UCL,SSP2-RCP45,M23_UB-H2,FR,Production|Hydrogen|Methane_Pyrolysis,kt/year,0,0,0,0,18.01428571,18.01428571,18.01428571
TIAM-UCL,SSP2-RCP45,M23_UB-H2,FR,Production|Hydrogen|Coproduct_SteamCracking,kt/year,38.34,38.34,38.34,38.34,38.34,38.34,38.34
TIAM-UCL,SSP2-RCP45,M23_UB-H2,FR,Production|Hydrogen|Coproduct_ChlorAlkali,kt/year,31.784,31.784,31.784,31.784,31.784,31.784,31.784
TIAM-UCL,SSP2-RCP45,M23_UB-H2,FR,Production|PEM|Stack,-,0,0,0,0,0,0,0
TIAM-UCL,SSP2-RCP45,M23_UB-H2,FR,Production|AE|Stack,-,0,0,0,0,0,0,0
TIAM-UCL,SSP2-RCP45,M23_LB-H2,FR,Production|Electricity|Run-of-river hydro,TWh/year,35.40934675,35.95692224,39.83682768,35.69405908,35.62012222,35.54618536,38.0174135
TIAM-UCL,SSP2-RCP45,M23_LB-H2,FR,Production|Electricity|Reservoir,TWh/year,12.75450022,16.25570932,16.72498608,18.38784862,18.34975994,18.31167125,19.58472817
TIAM-UCL,SSP2-RCP45,M23_LB-H2,FR,Production|Electricity|Pumped storage hydro,TWh/year,4.905577006,4.947389793,5.386869496,2.411295248,6.737226844,11.06315844,14.23976389
TIAM-UCL,SSP2-RCP45,M23_LB-H2,FR,Production|Electricity|Renewable|Wind turbines|Onshore,TWh/year,30.23619282,35.07345978,35.6593363,58.81838051,76.27753204,93.73668356,133.4863028
TIAM-UCL,SSP2-RCP45,M23_LB-H2,FR,Production|Electricity|Renewable|Wind turbines|Offshore,TWh/year,0,0,3.320059183,15.84565449,59.67954135,103.5134282,197.7949139
TIAM-UCL,SSP2-RCP45,M23_LB-H2,FR,Production|Electricity|Renewable|Photovoltaic,TWh/year,10.34630787,11.04328079,20.39896304,36.42778178,62.59516605,88.76255031,140.56025
TIAM-UCL,SSP2-RCP45,M23_LB-H2,FR,Production|Electricity|Renewable|Biomass,TWh/year,2.319000039,2.208656158,2.632739331,2.239059873,2.277302332,2.315544791,2.480475
TIAM-UCL,SSP2-RCP45,M23_LB-H2,FR,Production|Electricity|Renewable|Biogas,TWh/year,2.319000039,2.562041143,2.465499643,2.239059873,2.277302332,2.315544791,2.480475
TIAM-UCL,SSP2-RCP45,M23_LB-H2,FR,Production|Electricity|Renewable|Wave,TWh/year,0,0,0,0,0.600326427,1.200652854,7.992641667
TIAM-UCL,SSP2-RCP45,M23_LB-H2,FR,Production|Electricity|Nuclear|Pressure water reactor,TWh/year,338.0388519,295.0764626,300.9520238,303.9093189,256.0684141,208.2275093,83.69306389
TIAM-UCL,SSP2-RCP45,M23_LB-H2,FR,Production|Electricity|Nuclear|Evolutionary power reactor,TWh/year,0,0,0,0,0,0,0
TIAM-UCL,SSP2-RCP45,M23_LB-H2,FR,Production|Electricity|Nuclear|Small modular reactor,TWh/year,0,0,0,0,0,0,0
TIAM-UCL,SSP2-RCP45,M23_LB-H2,FR,Production|Electricity|Thermal|Coal,TWh/year,1.386610397,1.207298721,0.6034234,0,0,0,0
TIAM-UCL,SSP2-RCP45,M23_LB-H2,FR,Production|Electricity|Thermal|Oil|Conventional,TWh/year,1.467153282,0.232440299,0.348579989,0,0,0,0
TIAM-UCL,SSP2-RCP45,M23_LB-H2,FR,Production|Electricity|Thermal|Oil|Cogeneration,TWh/year,0.606075566,0.521052467,0.488434329,0,0,0,0
TIAM-UCL,SSP2-RCP45,M23_LB-H2,FR,Production|Electricity|Thermal|Natural gas|CCP,TWh/year,22.72263269,19.52452043,6.923350327,15.80087329,9.145685177,2.490497064,0.303169167
TIAM-UCL,SSP2-RCP45,M23_LB-H2,FR,Production|Electricity|Thermal|Natural gas|Cogeneration,TWh/year,11.01703403,9.894779586,4.141657901,7.661029473,4.434271601,1.207513728,0.146991111
TIAM-UCL,SSP2-RCP45,M23_LB-H2,FR,Production|Electricity|Thermal|Natural gas|Conventional,TWh/year,0.688564627,0.971808709,3.425707648,0.478814342,0.277141975,0.075469608,0.009186944
TIAM-UCL,SSP2-RCP45,M23_LB-H2,FR,Production|Electricity|Thermal|Hydrogen,TWh/year,0,0,0,0,0.643206887,1.286413773,8.176380556
TIAM-UCL,SSP2-RCP45,M23_LB-H2,FR,Production|Electricity|Flexibilities|Battery,TWh/year,0,0,0,0.172235375,1.972857887,3.773480399,10.84059444
TIAM-UCL,SSP2-RCP45,M23_LB-H2,FR,Production|Electricity|Conventional|Waste-to-Energy,TWh/year,1.962230802,1.943617419,3.658986366,1.894589123,1.719142825,1.543696527,1.65365
TIAM-UCL,SSP2-RCP45,M23_LB-H2,FR,Production|Electricity|Import,TWh/year,1.6,2.7,0.33844,3,4.98,6.96,41.36
TIAM-UCL,SSP2-RCP45,M23_LB-H2,FR,Production|Electricity|Export,TWh/year,57.7,57.7,89.9089705,80.92,88.225,95.53,58.54
TIAM-UCL,SSP2-RCP45,M23_LB-H2,FR,Production|Electricity|Total (w/o export correction),TWh/year,533.879078,495.1194395,536.876415,582.9,626.9,670.9,720
TIAM-UCL,SSP2-RCP45,M23_LB-H2,FR,Transformation|Electricity|High to medium,TWh/year,475.8168472,438.1758221,443.6468981,503.0854109,541.9358572,580.7863035,701.16635
TIAM-UCL,SSP2-RCP45,M23_LB-H2,FR,Transformation|Electricity|Medium to low,TWh/year,477.779078,440.1194395,447.3058845,504.98,543.655,582.33,702.82
TIAM-UCL,SSP2-RCP45,M23_LB-H2,FR,Compensation for losses|Electricity|High,ratio,0.969743434,0.969743434,0.969743434,0.969743434,0.969743434,0.969743434,0.969743434
TIAM-UCL,SSP2-RCP45,M23_LB-H2,FR,Compensation for losses|Electricity|Medium,ratio,0.995814607,0.995814607,0.995814607,0.995814607,0.995814607,0.995814607,0.995814607
TIAM-UCL,SSP2-RCP45,M23_LB-H2,FR,Compensation for losses|Electricity|Low,ratio,0.970138159,0.970138159,0.970138159,0.970138159,0.970138159,0.970138159,0.970138159
TIAM-UCL,SSP2-RCP45,M23_LB-H2,FR,Efficiency|AE|Stack|Steel,-,0.1,0.1,0.116,0.14,0.16,0.18,0.25
TIAM-UCL,SSP2-RCP45,M23_LB-H2,FR,Efficiency|Hydrogen|AE|Capacity Factor,-,0.95,0.95,0.95,0.95,0.95,0.95,0.95
TIAM-UCL,SSP2-RCP45,M23_LB-H2,FR,Efficiency|Hydrogen|AE|Conversion Factor,-,0.477761836,0.477761836,0.477761836,0.596774194,0.601083032,0.605454545,0.614391144
TIAM-UCL,SSP2-RCP45,M23_LB-H2,FR,Efficiency|Hydrogen|AE|Electricity,-,0.477761836,0.477761836,0.477761836,0.596774194,0.601083032,0.605454545,0.614391144
TIAM-UCL,SSP2-RCP45,M23_LB-H2,FR,Efficiency|Hydrogen|AE|Lifespan,-,0.1,0.1,0.1,0.15,0.15,0.15,0.15
TIAM-UCL,SSP2-RCP45,M23_LB-H2,FR,Efficiency|Hydrogen|PEM|Capacity Factor,-,0.95,0.95,0.95,0.95,0.95,0.95,0.95
TIAM-UCL,SSP2-RCP45,M23_LB-H2,FR,Efficiency|Hydrogen|PEM|Electricity,-,0.483309144,0.483309144,0.483309144,0.589380531,0.598920863,0.608775137,0.629489603
TIAM-UCL,SSP2-RCP45,M23_LB-H2,FR,Efficiency|Hydrogen|PEM|Conversion Factor,-,0.483309144,0.483309144,0.483309144,0.589380531,0.598920863,0.608775137,0.629489603
TIAM-UCL,SSP2-RCP45,M23_LB-H2,FR,Efficiency|Hydrogen|PEM|Lifespan,-,0.1,0.1,0.1,0.1,0.1,0.15,0.15
TIAM-UCL,SSP2-RCP45,M23_LB-H2,FR,Efficiency|PEM|Stack|Activated Carbon,-,0.1,0.1,0.108,0.13,0.14,0.16,0.2
TIAM-UCL,SSP2-RCP45,M23_LB-H2,FR,Efficiency|PEM|Stack|Iridium,-,0.01,0.01,0.018,0.03,0.05,0.09,0.25
TIAM-UCL,SSP2-RCP45,M23_LB-H2,FR,Efficiency|PEM|Stack|Nafion,-,0.1,0.1,0.132,0.2,0.28,0.4,0.8
TIAM-UCL,SSP2-RCP45,M23_LB-H2,FR,Efficiency|PEM|Stack|Platinum,-,0.1,0.1,0.116,0.15,0.19,0.24,0.37
TIAM-UCL,SSP2-RCP45,M23_LB-H2,FR,Efficiency|PEM|Stack|Steel,-,0.1,0.1,0.116,0.14,0.16,0.18,0.25
TIAM-UCL,SSP2-RCP45,M23_LB-H2,FR,Efficiency|PEM|Stack|Titanium,-,0.01,0.01,0.018,0.02,0.04,0.06,0.15
TIAM-UCL,SSP2-RCP45,M23_LB-H2,FR,Production|Hydrogen|AE,kt/year,0,0,2.403284485,4.539800614,4.539800614,4.539800614,4.539800614
TIAM-UCL,SSP2-RCP45,M23_LB-H2,FR,Production|Hydrogen|PEM,kt/year,0,0,0.784326316,23.03118203,23.03118203,23.03118203,23.03118203
TIAM-UCL,SSP2-RCP45,M23_LB-H2,FR,Production|Hydrogen|GenericElectrolysis,kt/year,0,0,0,1.599525691,1.599525691,1.599525691,1.599525691
TIAM-UCL,SSP2-RCP45,M23_LB-H2,FR,Production|Hydrogen|SMR_NG,kt/year,466.402,466.402,466.402,466.402,466.402,466.402,466.402
TIAM-UCL,SSP2-RCP45,M23_LB-H2,FR,Production|Hydrogen|SMR_NG_wCCS,kt/year,0,0,10.612,10.612,10.612,10.612,10.612
TIAM-UCL,SSP2-RCP45,M23_LB-H2,FR,Production|Hydrogen|SMR_biogas_wCCU,kt/year,0,0,0,20,20,20,20
TIAM-UCL,SSP2-RCP45,M23_LB-H2,FR,Production|Hydrogen|Methane_Pyrolysis,kt/year,0,0,0,0,0,0,0
TIAM-UCL,SSP2-RCP45,M23_LB-H2,FR,Production|Hydrogen|Coproduct_SteamCracking,kt/year,38.34,38.34,38.34,38.34,38.34,38.34,38.34
TIAM-UCL,SSP2-RCP45,M23_LB-H2,FR,Production|Hydrogen|Coproduct_ChlorAlkali,kt/year,31.784,31.784,31.784,31.784,31.784,31.784,31.784
TIAM-UCL,SSP2-RCP45,M23_LB-H2,FR,Production|PEM|Stack,-,0,0,0,0,0,0,0
TIAM-UCL,SSP2-RCP45,M23_LB-H2,FR,Production|AE|Stack,-,0,0,0,0,0,0,0
TIAM-UCL,SSP2-RCP45,M23_UB-H2_-10%SMR,FR,Production|Electricity|Run-of-river hydro,TWh/year,35.40934675,35.95692224,39.83682768,35.69405908,35.62012222,35.54618536,38.0174135
TIAM-UCL,SSP2-RCP45,M23_UB-H2_-10%SMR,FR,Production|Electricity|Reservoir,TWh/year,12.75450022,16.25570932,16.72498608,18.38784862,18.34975994,18.31167125,19.58472817
TIAM-UCL,SSP2-RCP45,M23_UB-H2_-10%SMR,FR,Production|Electricity|Pumped storage hydro,TWh/year,4.905577006,4.947389793,5.386869496,2.411295248,6.737226844,11.06315844,14.23976389
TIAM-UCL,SSP2-RCP45,M23_UB-H2_-10%SMR,FR,Production|Electricity|Renewable|Wind turbines|Onshore,TWh/year,30.23619282,35.07345978,35.6593363,58.81838051,76.27753204,93.73668356,133.4863028
TIAM-UCL,SSP2-RCP45,M23_UB-H2_-10%SMR,FR,Production|Electricity|Renewable|Wind turbines|Offshore,TWh/year,0,0,3.320059183,15.84565449,59.67954135,103.5134282,197.7949139
TIAM-UCL,SSP2-RCP45,M23_UB-H2_-10%SMR,FR,Production|Electricity|Renewable|Photovoltaic,TWh/year,10.34630787,11.04328079,20.39896304,36.42778178,62.59516605,88.76255031,140.56025
TIAM-UCL,SSP2-RCP45,M23_UB-H2_-10%SMR,FR,Production|Electricity|Renewable|Biomass,TWh/year,2.319000039,2.208656158,2.632739331,2.239059873,2.277302332,2.315544791,2.480475
TIAM-UCL,SSP2-RCP45,M23_UB-H2_-10%SMR,FR,Production|Electricity|Renewable|Biogas,TWh/year,2.319000039,2.562041143,2.465499643,2.239059873,2.277302332,2.315544791,2.480475
TIAM-UCL,SSP2-RCP45,M23_UB-H2_-10%SMR,FR,Production|Electricity|Renewable|Wave,TWh/year,0,0,0,0,0.600326427,1.200652854,7.992641667
TIAM-UCL,SSP2-RCP45,M23_UB-H2_-10%SMR,FR,Production|Electricity|Nuclear|Pressure water reactor,TWh/year,338.0388519,295.0764626,300.9520238,303.9093189,256.0684141,208.2275093,83.69306389
TIAM-UCL,SSP2-RCP45,M23_UB-H2_-10%SMR,FR,Production|Electricity|Nuclear|Evolutionary power reactor,TWh/year,0,0,0,0,0,0,0
TIAM-UCL,SSP2-RCP45,M23_UB-H2_-10%SMR,FR,Production|Electricity|Nuclear|Small modular reactor,TWh/year,0,0,0,0,0,0,0
TIAM-UCL,SSP2-RCP45,M23_UB-H2_-10%SMR,FR,Production|Electricity|Thermal|Coal,TWh/year,1.386610397,1.207298721,0.6034234,0,0,0,0
TIAM-UCL,SSP2-RCP45,M23_UB-H2_-10%SMR,FR,Production|Electricity|Thermal|Oil|Conventional,TWh/year,1.467153282,0.232440299,0.348579989,0,0,0,0
TIAM-UCL,SSP2-RCP45,M23_UB-H2_-10%SMR,FR,Production|Electricity|Thermal|Oil|Cogeneration,TWh/year,0.606075566,0.521052467,0.488434329,0,0,0,0
TIAM-UCL,SSP2-RCP45,M23_UB-H2_-10%SMR,FR,Production|Electricity|Thermal|Natural gas|CCP,TWh/year,22.72263269,19.52452043,6.923350327,15.80087329,9.145685177,2.490497064,0.303169167
TIAM-UCL,SSP2-RCP45,M23_UB-H2_-10%SMR,FR,Production|Electricity|Thermal|Natural gas|Cogeneration,TWh/year,11.01703403,9.894779586,4.141657901,7.661029473,4.434271601,1.207513728,0.146991111
TIAM-UCL,SSP2-RCP45,M23_UB-H2_-10%SMR,FR,Production|Electricity|Thermal|Natural gas|Conventional,TWh/year,0.688564627,0.971808709,3.425707648,0.478814342,0.277141975,0.075469608,0.009186944
TIAM-UCL,SSP2-RCP45,M23_UB-H2_-10%SMR,FR,Production|Electricity|Thermal|Hydrogen,TWh/year,0,0,0,0,0.643206887,1.286413773,8.176380556
TIAM-UCL,SSP2-RCP45,M23_UB-H2_-10%SMR,FR,Production|Electricity|Flexibilities|Battery,TWh/year,0,0,0,0.172235375,1.972857887,3.773480399,10.84059444
TIAM-UCL,SSP2-RCP45,M23_UB-H2_-10%SMR,FR,Production|Electricity|Conventional|Waste-to-Energy,TWh/year,1.962230802,1.943617419,3.658986366,1.894589123,1.719142825,1.543696527,1.65365
TIAM-UCL,SSP2-RCP45,M23_UB-H2_-10%SMR,FR,Production|Electricity|Import,TWh/year,1.6,2.7,0.33844,3,4.98,6.96,41.36
TIAM-UCL,SSP2-RCP45,M23_UB-H2_-10%SMR,FR,Production|Electricity|Export,TWh/year,57.7,57.7,89.9089705,80.92,88.225,95.53,58.54
TIAM-UCL,SSP2-RCP45,M23_UB-H2_-10%SMR,FR,Production|Electricity|Total (w/o export correction),TWh/year,533.879078,495.1194395,536.876415,582.9,626.9,670.9,720
TIAM-UCL,SSP2-RCP45,M23_UB-H2_-10%SMR,FR,Transformation|Electricity|High to medium,TWh/year,475.8168472,438.1758221,443.6468981,503.0854109,541.9358572,580.7863035,701.16635
TIAM-UCL,SSP2-RCP45,M23_UB-H2_-10%SMR,FR,Transformation|Electricity|Medium to low,TWh/year,477.779078,440.1194395,447.3058845,504.98,543.655,582.33,702.82
TIAM-UCL,SSP2-RCP45,M23_UB-H2_-10%SMR,FR,Compensation for losses|Electricity|High,ratio,0.969743434,0.969743434,0.969743434,0.969743434,0.969743434,0.969743434,0.969743434
TIAM-UCL,SSP2-RCP45,M23_UB-H2_-10%SMR,FR,Compensation for losses|Electricity|Medium,ratio,0.995814607,0.995814607,0.995814607,0.995814607,0.995814607,0.995814607,0.995814607
TIAM-UCL,SSP2-RCP45,M23_UB-H2_-10%SMR,FR,Compensation for losses|Electricity|Low,ratio,0.970138159,0.970138159,0.970138159,0.970138159,0.970138159,0.970138159,0.970138159
TIAM-UCL,SSP2-RCP45,M23_UB-H2_-10%SMR,FR,Efficiency|AE|Stack|Steel,-,0.1,0.1,0.116,0.14,0.16,0.18,0.25
TIAM-UCL,SSP2-RCP45,M23_UB-H2_-10%SMR,FR,Efficiency|Hydrogen|AE|Capacity Factor,-,0.95,0.95,0.95,0.95,0.95,0.95,0.95
TIAM-UCL,SSP2-RCP45,M23_UB-H2_-10%SMR,FR,Efficiency|Hydrogen|AE|Conversion Factor,-,0.477761836,0.477761836,0.477761836,0.596774194,0.601083032,0.605454545,0.614391144
TIAM-UCL,SSP2-RCP45,M23_UB-H2_-10%SMR,FR,Efficiency|Hydrogen|AE|Electricity,-,0.477761836,0.477761836,0.477761836,0.596774194,0.601083032,0.605454545,0.614391144
TIAM-UCL,SSP2-RCP45,M23_UB-H2_-10%SMR,FR,Efficiency|Hydrogen|AE|Lifespan,-,0.1,0.1,0.1,0.15,0.15,0.15,0.15
TIAM-UCL,SSP2-RCP45,M23_UB-H2_-10%SMR,FR,Efficiency|Hydrogen|PEM|Capacity Factor,-,0.95,0.95,0.95,0.95,0.95,0.95,0.95
TIAM-UCL,SSP2-RCP45,M23_UB-H2_-10%SMR,FR,Efficiency|Hydrogen|PEM|Electricity,-,0.483309144,0.483309144,0.483309144,0.589380531,0.598920863,0.608775137,0.629489603
TIAM-UCL,SSP2-RCP45,M23_UB-H2_-10%SMR,FR,Efficiency|Hydrogen|PEM|Conversion Factor,-,0.483309144,0.483309144,0.483309144,0.589380531,0.598920863,0.608775137,0.629489603
TIAM-UCL,SSP2-RCP45,M23_UB-H2_-10%SMR,FR,Efficiency|Hydrogen|PEM|Lifespan,-,0.1,0.1,0.1,0.1,0.1,0.15,0.15
TIAM-UCL,SSP2-RCP45,M23_UB-H2_-10%SMR,FR,Efficiency|PEM|Stack|Activated Carbon,-,0.1,0.1,0.108,0.13,0.14,0.16,0.2
TIAM-UCL,SSP2-RCP45,M23_UB-H2_-10%SMR,FR,Efficiency|PEM|Stack|Iridium,-,0.01,0.01,0.018,0.03,0.05,0.09,0.25
TIAM-UCL,SSP2-RCP45,M23_UB-H2_-10%SMR,FR,Efficiency|PEM|Stack|Nafion,-,0.1,0.1,0.132,0.2,0.28,0.4,0.8
TIAM-UCL,SSP2-RCP45,M23_UB-H2_-10%SMR,FR,Efficiency|PEM|Stack|Platinum,-,0.1,0.1,0.116,0.15,0.19,0.24,0.37
TIAM-UCL,SSP2-RCP45,M23_UB-H2_-10%SMR,FR,Efficiency|PEM|Stack|Steel,-,0.1,0.1,0.116,0.14,0.16,0.18,0.25
TIAM-UCL,SSP2-RCP45,M23_UB-H2_-10%SMR,FR,Efficiency|PEM|Stack|Titanium,-,0.01,0.01,0.018,0.02,0.04,0.06,0.15
TIAM-UCL,SSP2-RCP45,M23_UB-H2_-10%SMR,FR,Production|Hydrogen|AE,kt/year,0,0,2.403284485,4.539800614,4.539800614,4.539800614,4.539800614
TIAM-UCL,SSP2-RCP45,M23_UB-H2_-10%SMR,FR,Production|Hydrogen|PEM,kt/year,0,0,0.784326316,80.53017235,93.94215235,93.94215235,93.94215235
TIAM-UCL,SSP2-RCP45,M23_UB-H2_-10%SMR,FR,Production|Hydrogen|GenericElectrolysis,kt/year,0,0,0,381.2202897,907.4642422,890.4026348,890.4026348
TIAM-UCL,SSP2-RCP45,M23_UB-H2_-10%SMR,FR,Production|Hydrogen|SMR_NG,kt/year,466.402,466.402,466.402,443.0819,419.7618,419.7618,419.7618
TIAM-UCL,SSP2-RCP45,M23_UB-H2_-10%SMR,FR,Production|Hydrogen|SMR_NG_wCCS,kt/year,0,0,10.612,10.612,10.612,10.612,10.612
TIAM-UCL,SSP2-RCP45,M23_UB-H2_-10%SMR,FR,Production|Hydrogen|SMR_biogas_wCCU,kt/year,0,0,0,20,20,20,20
TIAM-UCL,SSP2-RCP45,M23_UB-H2_-10%SMR,FR,Production|Hydrogen|Methane_Pyrolysis,kt/year,0,0,0,0,18.01428571,18.01428571,18.01428571
TIAM-UCL,SSP2-RCP45,M23_UB-H2_-10%SMR,FR,Production|Hydrogen|Coproduct_SteamCracking,kt/year,38.34,38.34,38.34,38.34,38.34,38.34,38.34
TIAM-UCL,SSP2-RCP45,M23_UB-H2_-10%SMR,FR,Production|Hydrogen|Coproduct_ChlorAlkali,kt/year,31.784,31.784,31.784,31.784,31.784,31.784,31.784
TIAM-UCL,SSP2-RCP45,M23_UB-H2_-10%SMR,FR,Production|PEM|Stack,-,0,0,0,0,0,0,0
TIAM-UCL,SSP2-RCP45,M23_UB-H2_-10%SMR,FR,Production|AE|Stack,-,0,0,0,0,0,0,0
TIAM-UCL,SSP2-RCP45,M23_LB-H2_-10%SMR,FR,Production|Electricity|Run-of-river hydro,TWh/year,35.40934675,35.95692224,39.83682768,35.69405908,35.62012222,35.54618536,38.0174135
TIAM-UCL,SSP2-RCP45,M23_LB-H2_-10%SMR,FR,Production|Electricity|Reservoir,TWh/year,12.75450022,16.25570932,16.72498608,18.38784862,18.34975994,18.31167125,19.58472817
TIAM-UCL,SSP2-RCP45,M23_LB-H2_-10%SMR,FR,Production|Electricity|Pumped storage hydro,TWh/year,4.905577006,4.947389793,5.386869496,2.411295248,6.737226844,11.06315844,14.23976389
TIAM-UCL,SSP2-RCP45,M23_LB-H2_-10%SMR,FR,Production|Electricity|Renewable|Wind turbines|Onshore,TWh/year,30.23619282,35.07345978,35.6593363,58.81838051,76.27753204,93.73668356,133.4863028
TIAM-UCL,SSP2-RCP45,M23_LB-H2_-10%SMR,FR,Production|Electricity|Renewable|Wind turbines|Offshore,TWh/year,0,0,3.320059183,15.84565449,59.67954135,103.5134282,197.7949139
TIAM-UCL,SSP2-RCP45,M23_LB-H2_-10%SMR,FR,Production|Electricity|Renewable|Photovoltaic,TWh/year,10.34630787,11.04328079,20.39896304,36.42778178,62.59516605,88.76255031,140.56025
TIAM-UCL,SSP2-RCP45,M23_LB-H2_-10%SMR,FR,Production|Electricity|Renewable|Biomass,TWh/year,2.319000039,2.208656158,2.632739331,2.239059873,2.277302332,2.315544791,2.480475
TIAM-UCL,SSP2-RCP45,M23_LB-H2_-10%SMR,FR,Production|Electricity|Renewable|Biogas,TWh/year,2.319000039,2.562041143,2.465499643,2.239059873,2.277302332,2.315544791,2.480475
TIAM-UCL,SSP2-RCP45,M23_LB-H2_-10%SMR,FR,Production|Electricity|Renewable|Wave,TWh/year,0,0,0,0,0.600326427,1.200652854,7.992641667
TIAM-UCL,SSP2-RCP45,M23_LB-H2_-10%SMR,FR,Production|Electricity|Nuclear|Pressure water reactor,TWh/year,338.0388519,295.0764626,300.9520238,303.9093189,256.0684141,208.2275093,83.69306389
TIAM-UCL,SSP2-RCP45,M23_LB-H2_-10%SMR,FR,Production|Electricity|Nuclear|Evolutionary power reactor,TWh/year,0,0,0,0,0,0,0
TIAM-UCL,SSP2-RCP45,M23_LB-H2_-10%SMR,FR,Production|Electricity|Nuclear|Small modular reactor,TWh/year,0,0,0,0,0,0,0
TIAM-UCL,SSP2-RCP45,M23_LB-H2_-10%SMR,FR,Production|Electricity|Thermal|Coal,TWh/year,1.386610397,1.207298721,0.6034234,0,0,0,0
TIAM-UCL,SSP2-RCP45,M23_LB-H2_-10%SMR,FR,Production|Electricity|Thermal|Oil|Conventional,TWh/year,1.467153282,0.232440299,0.348579989,0,0,0,0
TIAM-UCL,SSP2-RCP45,M23_LB-H2_-10%SMR,FR,Production|Electricity|Thermal|Oil|Cogeneration,TWh/year,0.606075566,0.521052467,0.488434329,0,0,0,0
TIAM-UCL,SSP2-RCP45,M23_LB-H2_-10%SMR,FR,Production|Electricity|Thermal|Natural gas|CCP,TWh/year,22.72263269,19.52452043,6.923350327,15.80087329,9.145685177,2.490497064,0.303169167
TIAM-UCL,SSP2-RCP45,M23_LB-H2_-10%SMR,FR,Production|Electricity|Thermal|Natural gas|Cogeneration,TWh/year,11.01703403,9.894779586,4.141657901,7.661029473,4.434271601,1.207513728,0.146991111
TIAM-UCL,SSP2-RCP45,M23_LB-H2_-10%SMR,FR,Production|Electricity|Thermal|Natural gas|Conventional,TWh/year,0.688564627,0.971808709,3.425707648,0.478814342,0.277141975,0.075469608,0.009186944
TIAM-UCL,SSP2-RCP45,M23_LB-H2_-10%SMR,FR,Production|Electricity|Thermal|Hydrogen,TWh/year,0,0,0,0,0.643206887,1.286413773,8.176380556
TIAM-UCL,SSP2-RCP45,M23_LB-H2_-10%SMR,FR,Production|Electricity|Flexibilities|Battery,TWh/year,0,0,0,0.172235375,1.972857887,3.773480399,10.84059444
TIAM-UCL,SSP2-RCP45,M23_LB-H2_-10%SMR,FR,Production|Electricity|Conventional|Waste-to-Energy,TWh/year,1.962230802,1.943617419,3.658986366,1.894589123,1.719142825,1.543696527,1.65365
TIAM-UCL,SSP2-RCP45,M23_LB-H2_-10%SMR,FR,Production|Electricity|Import,TWh/year,1.6,2.7,0.33844,3,4.98,6.96,41.36
TIAM-UCL,SSP2-RCP45,M23_LB-H2_-10%SMR,FR,Production|Electricity|Export,TWh/year,57.7,57.7,89.9089705,80.92,88.225,95.53,58.54
TIAM-UCL,SSP2-RCP45,M23_LB-H2_-10%SMR,FR,Production|Electricity|Total (w/o export correction),TWh/year,533.879078,495.1194395,536.876415,582.9,626.9,670.9,720
TIAM-UCL,SSP2-RCP45,M23_LB-H2_-10%SMR,FR,Transformation|Electricity|High to medium,TWh/year,475.8168472,438.1758221,443.6468981,503.0854109,541.9358572,580.7863035,701.16635
TIAM-UCL,SSP2-RCP45,M23_LB-H2_-10%SMR,FR,Transformation|Electricity|Medium to low,TWh/year,477.779078,440.1194395,447.3058845,504.98,543.655,582.33,702.82
TIAM-UCL,SSP2-RCP45,M23_LB-H2_-10%SMR,FR,Compensation for losses|Electricity|High,ratio,0.969743434,0.969743434,0.969743434,0.969743434,0.969743434,0.969743434,0.969743434
TIAM-UCL,SSP2-RCP45,M23_LB-H2_-10%SMR,FR,Compensation for losses|Electricity|Medium,ratio,0.995814607,0.995814607,0.995814607,0.995814607,0.995814607,0.995814607,0.995814607
TIAM-UCL,SSP2-RCP45,M23_LB-H2_-10%SMR,FR,Compensation for losses|Electricity|Low,ratio,0.970138159,0.970138159,0.970138159,0.970138159,0.970138159,0.970138159,0.970138159
TIAM-UCL,SSP2-RCP45,M23_LB-H2_-10%SMR,FR,Efficiency|AE|Stack|Steel,-,0.1,0.1,0.116,0.14,0.16,0.18,0.25
TIAM-UCL,SSP2-RCP45,M23_LB-H2_-10%SMR,FR,Efficiency|Hydrogen|AE|Capacity Factor,-,0.95,0.95,0.95,0.95,0.95,0.95,0.95
TIAM-UCL,SSP2-RCP45,M23_LB-H2_-10%SMR,FR,Efficiency|Hydrogen|AE|Conversion Factor,-,0.477761836,0.477761836,0.477761836,0.596774194,0.601083032,0.605454545,0.614391144
TIAM-UCL,SSP2-RCP45,M23_LB-H2_-10%SMR,FR,Efficiency|Hydrogen|AE|Electricity,-,0.477761836,0.477761836,0.477761836,0.596774194,0.601083032,0.605454545,0.614391144
TIAM-UCL,SSP2-RCP45,M23_LB-H2_-10%SMR,FR,Efficiency|Hydrogen|AE|Lifespan,-,0.1,0.1,0.1,0.15,0.15,0.15,0.15
TIAM-UCL,SSP2-RCP45,M23_LB-H2_-10%SMR,FR,Efficiency|Hydrogen|PEM|Capacity Factor,-,0.95,0.95,0.95,0.95,0.95,0.95,0.95
TIAM-UCL,SSP2-RCP45,M23_LB-H2_-10%SMR,FR,Efficiency|Hydrogen|PEM|Electricity,-,0.483309144,0.483309144,0.483309144,0.589380531,0.598920863,0.608775137,0.629489603
TIAM-UCL,SSP2-RCP45,M23_LB-H2_-10%SMR,FR,Efficiency|Hydrogen|PEM|Conversion Factor,-,0.483309144,0.483309144,0.483309144,0.589380531,0.598920863,0.608775137,0.629489603
TIAM-UCL,SSP2-RCP45,M23_LB-H2_-10%SMR,FR,Efficiency|Hydrogen|PEM|Lifespan,-,0.1,0.1,0.1,0.1,0.1,0.15,0.15
TIAM-UCL,SSP2-RCP45,M23_LB-H2_-10%SMR,FR,Efficiency|PEM|Stack|Activated Carbon,-,0.1,0.1,0.108,0.13,0.14,0.16,0.2
TIAM-UCL,SSP2-RCP45,M23_LB-H2_-10%SMR,FR,Efficiency|PEM|Stack|Iridium,-,0.01,0.01,0.018,0.03,0.05,0.09,0.25
TIAM-UCL,SSP2-RCP45,M23_LB-H2_-10%SMR,FR,Efficiency|PEM|Stack|Nafion,-,0.1,0.1,0.132,0.2,0.28,0.4,0.8
TIAM-UCL,SSP2-RCP45,M23_LB-H2_-10%SMR,FR,Efficiency|PEM|Stack|Platinum,-,0.1,0.1,0.116,0.15,0.19,0.24,0.37
TIAM-UCL,SSP2-RCP45,M23_LB-H2_-10%SMR,FR,Efficiency|PEM|Stack|Steel,-,0.1,0.1,0.116,0.14,0.16,0.18,0.25
TIAM-UCL,SSP2-RCP45,M23_LB-H2_-10%SMR,FR,Efficiency|PEM|Stack|Titanium,-,0.01,0.01,0.018,0.02,0.04,0.06,0.15
TIAM-UCL,SSP2-RCP45,M23_LB-H2_-10%SMR,FR,Production|Hydrogen|AE,kt/year,0,0,2.403284485,4.539800614,4.539800614,4.539800614,4.539800614
TIAM-UCL,SSP2-RCP45,M23_LB-H2_-10%SMR,FR,Production|Hydrogen|PEM,kt/year,0,0,0.784326316,23.03118203,23.03118203,23.03118203,23.03118203
TIAM-UCL,SSP2-RCP45,M23_LB-H2_-10%SMR,FR,Production|Hydrogen|GenericElectrolysis,kt/year,0,0,0,1.599525691,1.599525691,1.599525691,1.599525691
TIAM-UCL,SSP2-RCP45,M23_LB-H2_-10%SMR,FR,Production|Hydrogen|SMR_NG,kt/year,466.402,466.402,466.402,443.0819,419.7618,419.7618,419.7618
TIAM-UCL,SSP2-RCP45,M23_LB-H2_-10%SMR,FR,Production|Hydrogen|SMR_NG_wCCS,kt/year,0,0,10.612,10.612,10.612,10.612,10.612
TIAM-UCL,SSP2-RCP45,M23_LB-H2_-10%SMR,FR,Production|Hydrogen|SMR_biogas_wCCU,kt/year,0,0,0,20,20,20,20
TIAM-UCL,SSP2-RCP45,M23_LB-H2_-10%SMR,FR,Production|Hydrogen|Methane_Pyrolysis,kt/year,0,0,0,0,0,0,0
TIAM-UCL,SSP2-RCP45,M23_LB-H2_-10%SMR,FR,Production|Hydrogen|Coproduct_SteamCracking,kt/year,38.34,38.34,38.34,38.34,38.34,38.34,38.34
TIAM-UCL,SSP2-RCP45,M23_LB-H2_-10%SMR,FR,Production|Hydrogen|Coproduct_ChlorAlkali,kt/year,31.784,31.784,31.784,31.784,31.784,31.784,31.784
TIAM-UCL,SSP2-RCP45,M23_LB-H2_-10%SMR,FR,Production|PEM|Stack,-,0,0,0,0,0,0,0
TIAM-UCL,SSP2-RCP45,M23_LB-H2_-10%SMR,FR,Production|AE|Stack,-,0,0,0,0,0,0,0
TIAM-UCL,SSP2-RCP45,N1_ref,FR,Production|Electricity|Run-of-river hydro,TWh/year,35.40934675,35.95692224,39.83682768,35.69405908,35.90628668,36.11851427,38.40706479
TIAM-UCL,SSP2-RCP45,N1_ref,FR,Production|Electricity|Reservoir,TWh/year,12.75450022,16.25570932,16.72498608,18.38784862,18.49717799,18.60650735,19.78545762
TIAM-UCL,SSP2-RCP45,N1_ref,FR,Production|Electricity|Pumped storage hydro,TWh/year,4.905577006,4.947389793,5.386869496,2.411295248,6.521294629,10.63129401,13.99215109
TIAM-UCL,SSP2-RCP45,N1_ref,FR,Production|Electricity|Renewable|Wind turbines|Onshore,TWh/year,30.23619282,35.07345978,35.6593363,58.81838051,70.84509436,82.87180821,108.6939949
TIAM-UCL,SSP2-RCP45,N1_ref,FR,Production|Electricity|Renewable|Wind turbines|Offshore,TWh/year,0,0,3.320059183,15.84565449,40.25241804,64.65918159,148.4465301
TIAM-UCL,SSP2-RCP45,N1_ref,FR,Production|Electricity|Renewable|Photovoltaic,TWh/year,10.34630787,11.04328079,20.39896304,36.42778178,60.65192517,84.87606856,133.8057362
TIAM-UCL,SSP2-RCP45,N1_ref,FR,Production|Electricity|Renewable|Biomass,TWh/year,2.319000039,2.208656158,2.632739331,2.239059873,2.295943618,2.352827363,2.50190781
TIAM-UCL,SSP2-RCP45,N1_ref,FR,Production|Electricity|Renewable|Biogas,TWh/year,2.319000039,2.562041143,2.465499643,2.239059873,2.295943618,2.352827363,2.50190781
TIAM-UCL,SSP2-RCP45,N1_ref,FR,Production|Electricity|Renewable|Wave,TWh/year,0,0,0,0,0,0,0
TIAM-UCL,SSP2-RCP45,N1_ref,FR,Production|Electricity|Nuclear|Pressure water reactor,TWh/year,338.0388519,295.0764626,300.9520238,303.9093189,261.4047027,218.9000865,85.62084507
TIAM-UCL,SSP2-RCP45,N1_ref,FR,Production|Electricity|Nuclear|Evolutionary power reactor,TWh/year,0,0,0,0,18.64833539,37.29667078,83.02627401
TIAM-UCL,SSP2-RCP45,N1_ref,FR,Production|Electricity|Nuclear|Small modular reactor,TWh/year,0,0,0,0,0,0,0
TIAM-UCL,SSP2-RCP45,N1_ref,FR,Production|Electricity|Thermal|Coal,TWh/year,1.386610397,1.207298721,0.6034234,0,0,0,0
TIAM-UCL,SSP2-RCP45,N1_ref,FR,Production|Electricity|Thermal|Oil|Conventional,TWh/year,1.467153282,0.232440299,0.348579989,0,0,0,0
TIAM-UCL,SSP2-RCP45,N1_ref,FR,Production|Electricity|Thermal|Oil|Cogeneration,TWh/year,0.606075566,0.521052467,0.488434329,0,0,0,0
TIAM-UCL,SSP2-RCP45,N1_ref,FR,Production|Electricity|Thermal|Natural gas|CCP,TWh/year,22.72263269,19.52452043,6.923350327,15.80087329,9.252005252,2.703137214,0.305788732
TIAM-UCL,SSP2-RCP45,N1_ref,FR,Production|Electricity|Thermal|Natural gas|Cogeneration,TWh/year,11.01703403,9.894779586,4.141657901,7.661029473,4.485820728,1.310611983,0.148261204
TIAM-UCL,SSP2-RCP45,N1_ref,FR,Production|Electricity|Thermal|Natural gas|Conventional,TWh/year,0.688564627,0.971808709,3.425707648,0.478814342,0.280363796,0.081913249,0.009266325
TIAM-UCL,SSP2-RCP45,N1_ref,FR,Production|Electricity|Thermal|Hydrogen,TWh/year,0,0,0,0,0,0,5.281805378
TIAM-UCL,SSP2-RCP45,N1_ref,FR,Production|Electricity|Flexibilities|Battery,TWh/year,0,0,0,0.172235375,0.086117688,0,7.135070423
TIAM-UCL,SSP2-RCP45,N1_ref,FR,Production|Electricity|Conventional|Waste-to-Energy,TWh/year,1.962230802,1.943617419,3.658986366,1.894589123,1.731570349,1.568551575,1.66793854
TIAM-UCL,SSP2-RCP45,N1_ref,FR,Production|Electricity|Import,TWh/year,1.6,2.7,0.33844,3,5.35,7.7,33.06
TIAM-UCL,SSP2-RCP45,N1_ref,FR,Production|Electricity|Export,TWh/year,57.7,57.7,89.9089705,80.92,82.095,83.27,51.57
TIAM-UCL,SSP2-RCP45,N1_ref,FR,Production|Electricity|Total (w/o export correction),TWh/year,533.879078,495.1194395,536.876415,582.9,615.25,647.6,702.9
TIAM-UCL,SSP2-RCP45,N1_ref,FR,Transformation|Electricity|High to medium,TWh/year,475.8168472,438.1758221,443.6468981,503.0854109,536.7734297,570.4614484,682.7220615
TIAM-UCL,SSP2-RCP45,N1_ref,FR,Transformation|Electricity|Medium to low,TWh/year,477.779078,440.1194395,447.3058845,504.98,538.505,572.03,684.39
TIAM-UCL,SSP2-RCP45,N1_ref,FR,Compensation for losses|Electricity|High,ratio,0.969743434,0.969743434,0.969743434,0.969743434,0.969743434,0.969743434,0.969743434
TIAM-UCL,SSP2-RCP45,N1_ref,FR,Compensation for losses|Electricity|Medium,ratio,0.995814607,0.995814607,0.995814607,0.995814607,0.995814607,0.995814607,0.995814607
TIAM-UCL,SSP2-RCP45,N1_ref,FR,Compensation for losses|Electricity|Low,ratio,0.970138159,0.970138159,0.970138159,0.970138159,0.970138159,0.970138159,0.970138159
TIAM-UCL,SSP2-RCP45,N1_ref,FR,Efficiency|AE|Stack|Steel,-,0.1,0.1,0.116,0.14,0.16,0.18,0.25
TIAM-UCL,SSP2-RCP45,N1_ref,FR,Efficiency|Hydrogen|AE|Capacity Factor,-,0.95,0.95,0.95,0.95,0.95,0.95,0.95
TIAM-UCL,SSP2-RCP45,N1_ref,FR,Efficiency|Hydrogen|AE|Conversion Factor,-,0.477761836,0.477761836,0.477761836,0.596774194,0.601083032,0.605454545,0.614391144
TIAM-UCL,SSP2-RCP45,N1_ref,FR,Efficiency|Hydrogen|AE|Electricity,-,0.477761836,0.477761836,0.477761836,0.596774194,0.601083032,0.605454545,0.614391144
TIAM-UCL,SSP2-RCP45,N1_ref,FR,Efficiency|Hydrogen|AE|Lifespan,-,0.1,0.1,0.1,0.15,0.15,0.15,0.15
TIAM-UCL,SSP2-RCP45,N1_ref,FR,Efficiency|Hydrogen|PEM|Capacity Factor,-,0.95,0.95,0.95,0.95,0.95,0.95,0.95
TIAM-UCL,SSP2-RCP45,N1_ref,FR,Efficiency|Hydrogen|PEM|Electricity,-,0.483309144,0.483309144,0.483309144,0.589380531,0.598920863,0.608775137,0.629489603
TIAM-UCL,SSP2-RCP45,N1_ref,FR,Efficiency|Hydrogen|PEM|Conversion Factor,-,0.483309144,0.483309144,0.483309144,0.589380531,0.598920863,0.608775137,0.629489603
TIAM-UCL,SSP2-RCP45,N1_ref,FR,Efficiency|Hydrogen|PEM|Lifespan,-,0.1,0.1,0.1,0.1,0.1,0.15,0.15
TIAM-UCL,SSP2-RCP45,N1_ref,FR,Efficiency|PEM|Stack|Activated Carbon,-,0.1,0.1,0.108,0.13,0.14,0.16,0.2
TIAM-UCL,SSP2-RCP45,N1_ref,FR,Efficiency|PEM|Stack|Iridium,-,0.01,0.01,0.018,0.03,0.05,0.09,0.25
TIAM-UCL,SSP2-RCP45,N1_ref,FR,Efficiency|PEM|Stack|Nafion,-,0.1,0.1,0.132,0.2,0.28,0.4,0.8
TIAM-UCL,SSP2-RCP45,N1_ref,FR,Efficiency|PEM|Stack|Platinum,-,0.1,0.1,0.116,0.15,0.19,0.24,0.37
TIAM-UCL,SSP2-RCP45,N1_ref,FR,Efficiency|PEM|Stack|Steel,-,0.1,0.1,0.116,0.14,0.16,0.18,0.25
TIAM-UCL,SSP2-RCP45,N1_ref,FR,Efficiency|PEM|Stack|Titanium,-,0.01,0.01,0.018,0.02,0.04,0.06,0.15
TIAM-UCL,SSP2-RCP45,N1_ref,FR,Production|Hydrogen|AE,kt/year,0,0,0,0,0,0,0
TIAM-UCL,SSP2-RCP45,N1_ref,FR,Production|Hydrogen|PEM,kt/year,0,0,0,0,0,0,0
TIAM-UCL,SSP2-RCP45,N1_ref,FR,Production|PEM|Stack,-,0,0,0,0,0,0,0
TIAM-UCL,SSP2-RCP45,N1_ref,FR,Production|AE|Stack,-,0,0,0,0,0,0,0
TIAM-UCL,SSP2-RCP45,N2_ref,FR,Production|Electricity|Run-of-river hydro,TWh/year,35.40934675,35.95692224,39.83682768,35.69405908,36.72455014,37.7550412,38.42215548
TIAM-UCL,SSP2-RCP45,N2_ref,FR,Production|Electricity|Reservoir,TWh/year,12.75450022,16.25570932,16.72498608,18.38784862,18.91870765,19.44956668,19.79323161
TIAM-UCL,SSP2-RCP45,N2_ref,FR,Production|Electricity|Pumped storage hydro,TWh/year,4.905577006,4.947389793,5.386869496,2.411295248,6.12451518,9.837735112,13.18434604
TIAM-UCL,SSP2-RCP45,N2_ref,FR,Production|Electricity|Renewable|Wind turbines|Onshore,TWh/year,30.23619282,35.07345978,35.6593363,58.81838051,66.71060256,74.6028246,96.37571261
TIAM-UCL,SSP2-RCP45,N2_ref,FR,Production|Electricity|Renewable|Wind turbines|Offshore,TWh/year,0,0,3.320059183,15.84565449,38.48356919,61.12148389,119.866132
TIAM-UCL,SSP2-RCP45,N2_ref,FR,Production|Electricity|Renewable|Photovoltaic,TWh/year,10.34630787,11.04328079,20.39896304,36.42778178,52.19051309,67.95324439,102.2251056
TIAM-UCL,SSP2-RCP45,N2_ref,FR,Production|Electricity|Renewable|Biomass,TWh/year,2.319000039,2.208656158,2.632739331,2.239059873,2.349246826,2.459433778,2.506882698
TIAM-UCL,SSP2-RCP45,N2_ref,FR,Production|Electricity|Renewable|Biogas,TWh/year,2.319000039,2.562041143,2.465499643,2.239059873,2.349246826,2.459433778,2.506882698
TIAM-UCL,SSP2-RCP45,N2_ref,FR,Production|Electricity|Renewable|Wave,TWh/year,0,0,0,0,0,0,0
TIAM-UCL,SSP2-RCP45,N2_ref,FR,Production|Electricity|Nuclear|Pressure water reactor,TWh/year,338.0388519,295.0764626,300.9520238,303.9093189,269.8253005,235.7412821,86.44102933
TIAM-UCL,SSP2-RCP45,N2_ref,FR,Production|Electricity|Nuclear|Evolutionary power reactor,TWh/year,0,0,0,0,20.31310121,40.62620241,147.9060792
TIAM-UCL,SSP2-RCP45,N2_ref,FR,Production|Electricity|Nuclear|Small modular reactor,TWh/year,0,0,0,0,0,0,0
TIAM-UCL,SSP2-RCP45,N2_ref,FR,Production|Electricity|Thermal|Coal,TWh/year,1.386610397,1.207298721,0.6034234,0,0,0,0
TIAM-UCL,SSP2-RCP45,N2_ref,FR,Production|Electricity|Thermal|Oil|Conventional,TWh/year,1.467153282,0.232440299,0.348579989,0,0,0,0
TIAM-UCL,SSP2-RCP45,N2_ref,FR,Production|Electricity|Thermal|Oil|Cogeneration,TWh/year,0.606075566,0.521052467,0.488434329,0,0,0,0
TIAM-UCL,SSP2-RCP45,N2_ref,FR,Production|Electricity|Thermal|Natural gas|CCP,TWh/year,22.72263269,19.52452043,6.923350327,15.80087329,9.4334837,3.06609411,0.245117419
TIAM-UCL,SSP2-RCP45,N2_ref,FR,Production|Electricity|Thermal|Natural gas|Cogeneration,TWh/year,11.01703403,9.894779586,4.141657901,7.661029473,4.573810279,1.486591084,0.118844809
TIAM-UCL,SSP2-RCP45,N2_ref,FR,Production|Electricity|Thermal|Natural gas|Conventional,TWh/year,0.688564627,0.971808709,3.425707648,0.478814342,0.285863143,0.092911943,0.007427801
TIAM-UCL,SSP2-RCP45,N2_ref,FR,Production|Electricity|Thermal|Hydrogen,TWh/year,0,0,0,0,0.77426619,1.548532379,1.764102639
TIAM-UCL,SSP2-RCP45,N2_ref,FR,Production|Electricity|Flexibilities|Battery,TWh/year,0,0,0,0.172235375,0.086117688,0,0.185695015
TIAM-UCL,SSP2-RCP45,N2_ref,FR,Production|Electricity|Conventional|Waste-to-Energy,TWh/year,1.962230802,1.943617419,3.658986366,1.894589123,1.767105821,1.639622519,1.671255132
TIAM-UCL,SSP2-RCP45,N2_ref,FR,Production|Electricity|Import,TWh/year,1.6,2.7,0.33844,3,8.61,14.22,28.03
TIAM-UCL,SSP2-RCP45,N2_ref,FR,Production|Electricity|Export,TWh/year,57.7,57.7,89.9089705,80.92,67.84,54.76,48.78
TIAM-UCL,SSP2-RCP45,N2_ref,FR,Production|Electricity|Total (w/o export correction),TWh/year,533.879078,495.1194395,536.876415,582.9,598.75,614.6,682
TIAM-UCL,SSP2-RCP45,N2_ref,FR,Transformation|Electricity|High to medium,TWh/year,475.8168472,438.1758221,443.6468981,503.0854109,537.7528942,572.4203775,659.5787449
TIAM-UCL,SSP2-RCP45,N2_ref,FR,Transformation|Electricity|Medium to low,TWh/year,477.779078,440.1194395,447.3058845,504.98,539.52,574.06,661.25
TIAM-UCL,SSP2-RCP45,N2_ref,FR,Compensation for losses|Electricity|High,ratio,0.969743434,0.969743434,0.969743434,0.969743434,0.969743434,0.969743434,0.969743434
TIAM-UCL,SSP2-RCP45,N2_ref,FR,Compensation for losses|Electricity|Medium,ratio,0.995814607,0.995814607,0.995814607,0.995814607,0.995814607,0.995814607,0.995814607
TIAM-UCL,SSP2-RCP45,N2_ref,FR,Compensation for losses|Electricity|Low,ratio,0.970138159,0.970138159,0.970138159,0.970138159,0.970138159,0.970138159,0.970138159
TIAM-UCL,SSP2-RCP45,N2_ref,FR,Efficiency|AE|Stack|Steel,-,0.1,0.1,0.116,0.14,0.16,0.18,0.25
TIAM-UCL,SSP2-RCP45,N2_ref,FR,Efficiency|Hydrogen|AE|Capacity Factor,-,0.95,0.95,0.95,0.95,0.95,0.95,0.95
TIAM-UCL,SSP2-RCP45,N2_ref,FR,Efficiency|Hydrogen|AE|Conversion Factor,-,0.477761836,0.477761836,0.477761836,0.596774194,0.601083032,0.605454545,0.614391144
TIAM-UCL,SSP2-RCP45,N2_ref,FR,Efficiency|Hydrogen|AE|Electricity,-,0.477761836,0.477761836,0.477761836,0.596774194,0.601083032,0.605454545,0.614391144
TIAM-UCL,SSP2-RCP45,N2_ref,FR,Efficiency|Hydrogen|AE|Lifespan,-,0.1,0.1,0.1,0.15,0.15,0.15,0.15
TIAM-UCL,SSP2-RCP45,N2_ref,FR,Efficiency|Hydrogen|PEM|Capacity Factor,-,0.95,0.95,0.95,0.95,0.95,0.95,0.95
TIAM-UCL,SSP2-RCP45,N2_ref,FR,Efficiency|Hydrogen|PEM|Electricity,-,0.483309144,0.483309144,0.483309144,0.589380531,0.598920863,0.608775137,0.629489603
TIAM-UCL,SSP2-RCP45,N2_ref,FR,Efficiency|Hydrogen|PEM|Conversion Factor,-,0.483309144,0.483309144,0.483309144,0.589380531,0.598920863,0.608775137,0.629489603
TIAM-UCL,SSP2-RCP45,N2_ref,FR,Efficiency|Hydrogen|PEM|Lifespan,-,0.1,0.1,0.1,0.1,0.1,0.15,0.15
TIAM-UCL,SSP2-RCP45,N2_ref,FR,Efficiency|PEM|Stack|Activated Carbon,-,0.1,0.1,0.108,0.13,0.14,0.16,0.2
TIAM-UCL,SSP2-RCP45,N2_ref,FR,Efficiency|PEM|Stack|Iridium,-,0.01,0.01,0.018,0.03,0.05,0.09,0.25
TIAM-UCL,SSP2-RCP45,N2_ref,FR,Efficiency|PEM|Stack|Nafion,-,0.1,0.1,0.132,0.2,0.28,0.4,0.8
TIAM-UCL,SSP2-RCP45,N2_ref,FR,Efficiency|PEM|Stack|Platinum,-,0.1,0.1,0.116,0.15,0.19,0.24,0.37
TIAM-UCL,SSP2-RCP45,N2_ref,FR,Efficiency|PEM|Stack|Steel,-,0.1,0.1,0.116,0.14,0.16,0.18,0.25
TIAM-UCL,SSP2-RCP45,N2_ref,FR,Efficiency|PEM|Stack|Titanium,-,0.01,0.01,0.018,0.02,0.04,0.06,0.15
TIAM-UCL,SSP2-RCP45,N2_ref,FR,Production|Hydrogen|AE,kt/year,0,0,0,0,0,0,0
TIAM-UCL,SSP2-RCP45,N2_ref,FR,Production|Hydrogen|PEM,kt/year,0,0,0,0,0,0,0
TIAM-UCL,SSP2-RCP45,N2_ref,FR,Production|PEM|Stack,-,0,0,0,0,0,0,0
TIAM-UCL,SSP2-RCP45,N2_ref,FR,Production|AE|Stack,-,0,0,0,1,0.5,0,0
TIAM-UCL,SSP2-RCP45,N03_UB-H2,FR,Production|Electricity|Run-of-river hydro,TWh/year,35.40934675,35.95692224,39.83682768,35.69405908,35.69385069,35.6936423,38.5414606
TIAM-UCL,SSP2-RCP45,N03_UB-H2,FR,Production|Electricity|Reservoir,TWh/year,12.75450022,16.25570932,16.72498608,18.38784862,18.38774127,18.38763391,19.85469183
TIAM-UCL,SSP2-RCP45,N03_UB-H2,FR,Production|Electricity|Pumped storage hydro,TWh/year,4.905577006,4.947389793,5.386869496,2.411295248,5.812890103,9.214484959,11.64197616
TIAM-UCL,SSP2-RCP45,N03_UB-H2,FR,Production|Electricity|Renewable|Wind turbines|Onshore,TWh/year,30.23619282,35.07345978,35.6593363,58.81838051,63.25304623,67.68771194,80.74874666
TIAM-UCL,SSP2-RCP45,N03_UB-H2,FR,Production|Electricity|Renewable|Wind turbines|Offshore,TWh/year,0,0,3.320059183,15.84565449,29.7534061,43.6611577,72.55279544
TIAM-UCL,SSP2-RCP45,N03_UB-H2,FR,Production|Electricity|Renewable|Photovoltaic,TWh/year,10.34630787,11.04328079,20.39896304,36.42778178,46.24487084,56.06195989,79.81738857
TIAM-UCL,SSP2-RCP45,N03_UB-H2,FR,Production|Electricity|Renewable|Biomass,TWh/year,2.319000039,2.208656158,2.632739331,2.239059873,3.229388642,4.219717411,4.563654655
TIAM-UCL,SSP2-RCP45,N03_UB-H2,FR,Production|Electricity|Renewable|Biogas,TWh/year,2.319000039,2.562041143,2.465499643,2.239059873,3.229388642,4.219717411,4.563654655
TIAM-UCL,SSP2-RCP45,N03_UB-H2,FR,Production|Electricity|Renewable|Wave,TWh/year,0,0,0,0,0,0,0
TIAM-UCL,SSP2-RCP45,N03_UB-H2,FR,Production|Electricity|Nuclear|Pressure water reactor,TWh/year,338.0388519,295.0764626,300.9520238,303.9093189,292.4970842,281.0848496,138.9586275
TIAM-UCL,SSP2-RCP45,N03_UB-H2,FR,Production|Electricity|Nuclear|Evolutionary power reactor,TWh/year,0,0,0,0,18.81649499,37.63298997,151.1594185
TIAM-UCL,SSP2-RCP45,N03_UB-H2,FR,Production|Electricity|Nuclear|Small modular reactor,TWh/year,0,0,0,0,2.884908842,5.769817685,25.14666851
TIAM-UCL,SSP2-RCP45,N03_UB-H2,FR,Production|Electricity|Thermal|Coal,TWh/year,1.386610397,1.207298721,0.6034234,0,0,0,0
TIAM-UCL,SSP2-RCP45,N03_UB-H2,FR,Production|Electricity|Thermal|Oil|Conventional,TWh/year,1.467153282,0.232440299,0.348579989,0,0,0,0
TIAM-UCL,SSP2-RCP45,N03_UB-H2,FR,Production|Electricity|Thermal|Oil|Cogeneration,TWh/year,0.606075566,0.521052467,0.488434329,0,0,0,0
TIAM-UCL,SSP2-RCP45,N03_UB-H2,FR,Production|Electricity|Thermal|Natural gas|CCP,TWh/year,22.72263269,19.52452043,6.923350327,15.80087329,8.44038824,1.07990319,0
TIAM-UCL,SSP2-RCP45,N03_UB-H2,FR,Production|Electricity|Thermal|Natural gas|Cogeneration,TWh/year,11.01703403,9.894779586,4.141657901,7.661029473,4.092309449,0.523589426,0
TIAM-UCL,SSP2-RCP45,N03_UB-H2,FR,Production|Electricity|Thermal|Natural gas|Conventional,TWh/year,0.688564627,0.971808709,3.425707648,0.478814342,0.285863143,0.092911943,0
TIAM-UCL,SSP2-RCP45,N03_UB-H2,FR,Production|Electricity|Thermal|Hydrogen,TWh/year,0,0,0,0,0,0,0
TIAM-UCL,SSP2-RCP45,N03_UB-H2,FR,Production|Electricity|Flexibilities|Battery,TWh/year,0,0,0,0.172235375,0.086117688,0,0
TIAM-UCL,SSP2-RCP45,N03_UB-H2,FR,Production|Electricity|Conventional|Waste-to-Energy,TWh/year,1.962230802,1.943617419,3.658986366,1.894589123,1.722344698,1.550100273,1.676444567
TIAM-UCL,SSP2-RCP45,N03_UB-H2,FR,Production|Electricity|Import,TWh/year,1.6,2.7,0.33844,3,4.74,6.48,26.34
TIAM-UCL,SSP2-RCP45,N03_UB-H2,FR,Production|Electricity|Export,TWh/year,57.7,57.7,89.9089705,80.92,86.15,91.38,42.89
TIAM-UCL,SSP2-RCP45,N03_UB-H2,FR,Production|Electricity|Total (w/o export correction),TWh/year,533.879078,495.1194395,536.876415,582.9,620.5800938,658.2601876,672.1155276
TIAM-UCL,SSP2-RCP45,N03_UB-H2,FR,Transformation|Electricity|High to medium,TWh/year,475.8168472,438.1758221,443.6468981,503.0854109,537.4477491,571.8100873,653.889083
TIAM-UCL,SSP2-RCP45,N03_UB-H2,FR,Transformation|Electricity|Medium to low,TWh/year,477.779078,440.1194395,447.3058845,504.98,539.1700938,573.3601876,655.5655276
TIAM-UCL,SSP2-RCP45,N03_UB-H2,FR,Compensation for losses|Electricity|High,ratio,0.969743434,0.969743434,0.969743434,0.969743434,0.969743434,0.969743434,0.969743434
TIAM-UCL,SSP2-RCP45,N03_UB-H2,FR,Compensation for losses|Electricity|Medium,ratio,0.995814607,0.995814607,0.995814607,0.995814607,0.995814607,0.995814607,0.995814607
TIAM-UCL,SSP2-RCP45,N03_UB-H2,FR,Compensation for losses|Electricity|Low,ratio,0.970138159,0.970138159,0.970138159,0.970138159,0.970138159,0.970138159,0.970138159
TIAM-UCL,SSP2-RCP45,N03_UB-H2,FR,Efficiency|AE|Stack|Steel,-,0.1,0.1,0.116,0.14,0.16,0.18,0.25
TIAM-UCL,SSP2-RCP45,N03_UB-H2,FR,Efficiency|Hydrogen|AE|Capacity Factor,-,0.95,0.95,0.95,0.95,0.95,0.95,0.95
TIAM-UCL,SSP2-RCP45,N03_UB-H2,FR,Efficiency|Hydrogen|AE|Conversion Factor,-,0.477761836,0.477761836,0.477761836,0.596774194,0.601083032,0.605454545,0.614391144
TIAM-UCL,SSP2-RCP45,N03_UB-H2,FR,Efficiency|Hydrogen|AE|Electricity,-,0.477761836,0.477761836,0.477761836,0.596774194,0.601083032,0.605454545,0.614391144
TIAM-UCL,SSP2-RCP45,N03_UB-H2,FR,Efficiency|Hydrogen|AE|Lifespan,-,0.1,0.1,0.1,0.15,0.15,0.15,0.15
TIAM-UCL,SSP2-RCP45,N03_UB-H2,FR,Efficiency|Hydrogen|PEM|Capacity Factor,-,0.95,0.95,0.95,0.95,0.95,0.95,0.95
TIAM-UCL,SSP2-RCP45,N03_UB-H2,FR,Efficiency|Hydrogen|PEM|Electricity,-,0.483309144,0.483309144,0.483309144,0.589380531,0.598920863,0.608775137,0.629489603
TIAM-UCL,SSP2-RCP45,N03_UB-H2,FR,Efficiency|Hydrogen|PEM|Conversion Factor,-,0.483309144,0.483309144,0.483309144,0.589380531,0.598920863,0.608775137,0.629489603
TIAM-UCL,SSP2-RCP45,N03_UB-H2,FR,Efficiency|Hydrogen|PEM|Lifespan,-,0.1,0.1,0.1,0.1,0.1,0.15,0.15
TIAM-UCL,SSP2-RCP45,N03_UB-H2,FR,Efficiency|PEM|Stack|Activated Carbon,-,0.1,0.1,0.108,0.13,0.14,0.16,0.2
TIAM-UCL,SSP2-RCP45,N03_UB-H2,FR,Efficiency|PEM|Stack|Iridium,-,0.01,0.01,0.018,0.03,0.05,0.09,0.25
TIAM-UCL,SSP2-RCP45,N03_UB-H2,FR,Efficiency|PEM|Stack|Nafion,-,0.1,0.1,0.132,0.2,0.28,0.4,0.8
TIAM-UCL,SSP2-RCP45,N03_UB-H2,FR,Efficiency|PEM|Stack|Platinum,-,0.1,0.1,0.116,0.15,0.19,0.24,0.37
TIAM-UCL,SSP2-RCP45,N03_UB-H2,FR,Efficiency|PEM|Stack|Steel,-,0.1,0.1,0.116,0.14,0.16,0.18,0.25
TIAM-UCL,SSP2-RCP45,N03_UB-H2,FR,Efficiency|PEM|Stack|Titanium,-,0.01,0.01,0.018,0.02,0.04,0.06,0.15
TIAM-UCL,SSP2-RCP45,N03_UB-H2,FR,Production|Hydrogen|AE,kt/year,0,0,2.403284485,4.539800614,4.539800614,4.539800614,4.539800614
TIAM-UCL,SSP2-RCP45,N03_UB-H2,FR,Production|Hydrogen|PEM,kt/year,0,0,0.784326316,80.53017235,93.94215235,93.94215235,93.94215235
TIAM-UCL,SSP2-RCP45,N03_UB-H2,FR,Production|Hydrogen|GenericElectrolysis,kt/year,0,0,0,381.2202897,907.4642422,890.4026348,890.4026348
TIAM-UCL,SSP2-RCP45,N03_UB-H2,FR,Production|Hydrogen|SMR_NG,kt/year,466.402,466.402,466.402,466.402,466.402,466.402,466.402
TIAM-UCL,SSP2-RCP45,N03_UB-H2,FR,Production|Hydrogen|SMR_NG_wCCS,kt/year,0,0,10.612,10.612,10.612,10.612,10.612
TIAM-UCL,SSP2-RCP45,N03_UB-H2,FR,Production|Hydrogen|SMR_biogas_wCCU,kt/year,0,0,0,20,20,20,20
TIAM-UCL,SSP2-RCP45,N03_UB-H2,FR,Production|Hydrogen|Methane_Pyrolysis,kt/year,0,0,0,0,18.01428571,18.01428571,18.01428571
TIAM-UCL,SSP2-RCP45,N03_UB-H2,FR,Production|Hydrogen|Coproduct_SteamCracking,kt/year,38.34,38.34,38.34,38.34,38.34,38.34,38.34
TIAM-UCL,SSP2-RCP45,N03_UB-H2,FR,Production|Hydrogen|Coproduct_ChlorAlkali,kt/year,31.784,31.784,31.784,31.784,31.784,31.784,31.784
TIAM-UCL,SSP2-RCP45,N03_UB-H2,FR,Production|PEM|Stack,-,0,0,0,0,0,0,0
TIAM-UCL,SSP2-RCP45,N03_UB-H2,FR,Production|AE|Stack,-,0,0,0,0,0,0,0
TIAM-UCL,SSP2-RCP45,N03_LB-H2,FR,Production|Electricity|Run-of-river hydro,TWh/year,35.40934675,35.95692224,39.83682768,35.69405908,35.69385069,35.6936423,38.5414606
TIAM-UCL,SSP2-RCP45,N03_LB-H2,FR,Production|Electricity|Reservoir,TWh/year,12.75450022,16.25570932,16.72498608,18.38784862,18.38774127,18.38763391,19.85469183
TIAM-UCL,SSP2-RCP45,N03_LB-H2,FR,Production|Electricity|Pumped storage hydro,TWh/year,4.905577006,4.947389793,5.386869496,2.411295248,5.812890103,9.214484959,11.64197616
TIAM-UCL,SSP2-RCP45,N03_LB-H2,FR,Production|Electricity|Renewable|Wind turbines|Onshore,TWh/year,30.23619282,35.07345978,35.6593363,58.81838051,63.25304623,67.68771194,80.74874666
TIAM-UCL,SSP2-RCP45,N03_LB-H2,FR,Production|Electricity|Renewable|Wind turbines|Offshore,TWh/year,0,0,3.320059183,15.84565449,29.7534061,43.6611577,72.55279544
TIAM-UCL,SSP2-RCP45,N03_LB-H2,FR,Production|Electricity|Renewable|Photovoltaic,TWh/year,10.34630787,11.04328079,20.39896304,36.42778178,46.24487084,56.06195989,79.81738857
TIAM-UCL,SSP2-RCP45,N03_LB-H2,FR,Production|Electricity|Renewable|Biomass,TWh/year,2.319000039,2.208656158,2.632739331,2.239059873,3.229388642,4.219717411,4.563654655
TIAM-UCL,SSP2-RCP45,N03_LB-H2,FR,Production|Electricity|Renewable|Biogas,TWh/year,2.319000039,2.562041143,2.465499643,2.239059873,3.229388642,4.219717411,4.563654655
TIAM-UCL,SSP2-RCP45,N03_LB-H2,FR,Production|Electricity|Renewable|Wave,TWh/year,0,0,0,0,0,0,0
TIAM-UCL,SSP2-RCP45,N03_LB-H2,FR,Production|Electricity|Nuclear|Pressure water reactor,TWh/year,338.0388519,295.0764626,300.9520238,303.9093189,292.4970842,281.0848496,138.9586275
TIAM-UCL,SSP2-RCP45,N03_LB-H2,FR,Production|Electricity|Nuclear|Evolutionary power reactor,TWh/year,0,0,0,0,18.81649499,37.63298997,151.1594185
TIAM-UCL,SSP2-RCP45,N03_LB-H2,FR,Production|Electricity|Nuclear|Small modular reactor,TWh/year,0,0,0,0,2.884908842,5.769817685,25.14666851
TIAM-UCL,SSP2-RCP45,N03_LB-H2,FR,Production|Electricity|Thermal|Coal,TWh/year,1.386610397,1.207298721,0.6034234,0,0,0,0
TIAM-UCL,SSP2-RCP45,N03_LB-H2,FR,Production|Electricity|Thermal|Oil|Conventional,TWh/year,1.467153282,0.232440299,0.348579989,0,0,0,0
TIAM-UCL,SSP2-RCP45,N03_LB-H2,FR,Production|Electricity|Thermal|Oil|Cogeneration,TWh/year,0.606075566,0.521052467,0.488434329,0,0,0,0
TIAM-UCL,SSP2-RCP45,N03_LB-H2,FR,Production|Electricity|Thermal|Natural gas|CCP,TWh/year,22.72263269,19.52452043,6.923350327,15.80087329,8.44038824,1.07990319,0
TIAM-UCL,SSP2-RCP45,N03_LB-H2,FR,Production|Electricity|Thermal|Natural gas|Cogeneration,TWh/year,11.01703403,9.894779586,4.141657901,7.661029473,4.092309449,0.523589426,0
TIAM-UCL,SSP2-RCP45,N03_LB-H2,FR,Production|Electricity|Thermal|Natural gas|Conventional,TWh/year,0.688564627,0.971808709,3.425707648,0.478814342,0.285863143,0.092911943,0
TIAM-UCL,SSP2-RCP45,N03_LB-H2,FR,Production|Electricity|Thermal|Hydrogen,TWh/year,0,0,0,0,0,0,0
TIAM-UCL,SSP2-RCP45,N03_LB-H2,FR,Production|Electricity|Flexibilities|Battery,TWh/year,0,0,0,0.172235375,0.086117688,0,0
TIAM-UCL,SSP2-RCP45,N03_LB-H2,FR,Production|Electricity|Conventional|Waste-to-Energy,TWh/year,1.962230802,1.943617419,3.658986366,1.894589123,1.722344698,1.550100273,1.676444567
TIAM-UCL,SSP2-RCP45,N03_LB-H2,FR,Production|Electricity|Import,TWh/year,1.6,2.7,0.33844,3,4.74,6.48,26.34
TIAM-UCL,SSP2-RCP45,N03_LB-H2,FR,Production|Electricity|Export,TWh/year,57.7,57.7,89.9089705,80.92,86.15,91.38,42.89
TIAM-UCL,SSP2-RCP45,N03_LB-H2,FR,Production|Electricity|Total (w/o export correction),TWh/year,533.879078,495.1194395,536.876415,582.9,620.5800938,658.2601876,672.1155276
TIAM-UCL,SSP2-RCP45,N03_LB-H2,FR,Transformation|Electricity|High to medium,TWh/year,475.8168472,438.1758221,443.6468981,503.0854109,537.4477491,571.8100873,653.889083
TIAM-UCL,SSP2-RCP45,N03_LB-H2,FR,Transformation|Electricity|Medium to low,TWh/year,477.779078,440.1194395,447.3058845,504.98,539.1700938,573.3601876,655.5655276
TIAM-UCL,SSP2-RCP45,N03_LB-H2,FR,Compensation for losses|Electricity|High,ratio,0.969743434,0.969743434,0.969743434,0.969743434,0.969743434,0.969743434,0.969743434
TIAM-UCL,SSP2-RCP45,N03_LB-H2,FR,Compensation for losses|Electricity|Medium,ratio,0.995814607,0.995814607,0.995814607,0.995814607,0.995814607,0.995814607,0.995814607
TIAM-UCL,SSP2-RCP45,N03_LB-H2,FR,Compensation for losses|Electricity|Low,ratio,0.970138159,0.970138159,0.970138159,0.970138159,0.970138159,0.970138159,0.970138159
TIAM-UCL,SSP2-RCP45,N03_LB-H2,FR,Efficiency|AE|Stack|Steel,-,0.1,0.1,0.116,0.14,0.16,0.18,0.25
TIAM-UCL,SSP2-RCP45,N03_LB-H2,FR,Efficiency|Hydrogen|AE|Capacity Factor,-,0.95,0.95,0.95,0.95,0.95,0.95,0.95
TIAM-UCL,SSP2-RCP45,N03_LB-H2,FR,Efficiency|Hydrogen|AE|Conversion Factor,-,0.477761836,0.477761836,0.477761836,0.596774194,0.601083032,0.605454545,0.614391144
TIAM-UCL,SSP2-RCP45,N03_LB-H2,FR,Efficiency|Hydrogen|AE|Electricity,-,0.477761836,0.477761836,0.477761836,0.596774194,0.601083032,0.605454545,0.614391144
TIAM-UCL,SSP2-RCP45,N03_LB-H2,FR,Efficiency|Hydrogen|AE|Lifespan,-,0.1,0.1,0.1,0.15,0.15,0.15,0.15
TIAM-UCL,SSP2-RCP45,N03_LB-H2,FR,Efficiency|Hydrogen|PEM|Capacity Factor,-,0.95,0.95,0.95,0.95,0.95,0.95,0.95
TIAM-UCL,SSP2-RCP45,N03_LB-H2,FR,Efficiency|Hydrogen|PEM|Electricity,-,0.483309144,0.483309144,0.483309144,0.589380531,0.598920863,0.608775137,0.629489603
TIAM-UCL,SSP2-RCP45,N03_LB-H2,FR,Efficiency|Hydrogen|PEM|Conversion Factor,-,0.483309144,0.483309144,0.483309144,0.589380531,0.598920863,0.608775137,0.629489603
TIAM-UCL,SSP2-RCP45,N03_LB-H2,FR,Efficiency|Hydrogen|PEM|Lifespan,-,0.1,0.1,0.1,0.1,0.1,0.15,0.15
TIAM-UCL,SSP2-RCP45,N03_LB-H2,FR,Efficiency|PEM|Stack|Activated Carbon,-,0.1,0.1,0.108,0.13,0.14,0.16,0.2
TIAM-UCL,SSP2-RCP45,N03_LB-H2,FR,Efficiency|PEM|Stack|Iridium,-,0.01,0.01,0.018,0.03,0.05,0.09,0.25
TIAM-UCL,SSP2-RCP45,N03_LB-H2,FR,Efficiency|PEM|Stack|Nafion,-,0.1,0.1,0.132,0.2,0.28,0.4,0.8
TIAM-UCL,SSP2-RCP45,N03_LB-H2,FR,Efficiency|PEM|Stack|Platinum,-,0.1,0.1,0.116,0.15,0.19,0.24,0.37
TIAM-UCL,SSP2-RCP45,N03_LB-H2,FR,Efficiency|PEM|Stack|Steel,-,0.1,0.1,0.116,0.14,0.16,0.18,0.25
TIAM-UCL,SSP2-RCP45,N03_LB-H2,FR,Efficiency|PEM|Stack|Titanium,-,0.01,0.01,0.018,0.02,0.04,0.06,0.15
TIAM-UCL,SSP2-RCP45,N03_LB-H2,FR,Production|Hydrogen|AE,kt/year,0,0,2.403284485,4.539800614,4.539800614,4.539800614,4.539800614
TIAM-UCL,SSP2-RCP45,N03_LB-H2,FR,Production|Hydrogen|PEM,kt/year,0,0,0.784326316,23.03118203,23.03118203,23.03118203,23.03118203
TIAM-UCL,SSP2-RCP45,N03_LB-H2,FR,Production|Hydrogen|GenericElectrolysis,kt/year,0,0,0,1.599525691,1.599525691,1.599525691,1.599525691
TIAM-UCL,SSP2-RCP45,N03_LB-H2,FR,Production|Hydrogen|SMR_NG,kt/year,466.402,466.402,466.402,466.402,466.402,466.402,466.402
TIAM-UCL,SSP2-RCP45,N03_LB-H2,FR,Production|Hydrogen|SMR_NG_wCCS,kt/year,0,0,10.612,10.612,10.612,10.612,10.612
TIAM-UCL,SSP2-RCP45,N03_LB-H2,FR,Production|Hydrogen|SMR_biogas_wCCU,kt/year,0,0,0,20,20,20,20
TIAM-UCL,SSP2-RCP45,N03_LB-H2,FR,Production|Hydrogen|Methane_Pyrolysis,kt/year,0,0,0,0,0,0,0
TIAM-UCL,SSP2-RCP45,N03_LB-H2,FR,Production|Hydrogen|Coproduct_SteamCracking,kt/year,38.34,38.34,38.34,38.34,38.34,38.34,38.34
TIAM-UCL,SSP2-RCP45,N03_LB-H2,FR,Production|Hydrogen|Coproduct_ChlorAlkali,kt/year,31.784,31.784,31.784,31.784,31.784,31.784,31.784
TIAM-UCL,SSP2-RCP45,N03_LB-H2,FR,Production|PEM|Stack,-,0,0,0,0,0,0,0
TIAM-UCL,SSP2-RCP45,N03_LB-H2,FR,Production|AE|Stack,-,0,0,0,0,0,0,0
TIAM-UCL,SSP2-RCP45,N03_UB-H2_-10%SMR,FR,Production|Electricity|Run-of-river hydro,TWh/year,35.40934675,35.95692224,39.83682768,35.69405908,35.69385069,35.6936423,38.5414606
TIAM-UCL,SSP2-RCP45,N03_UB-H2_-10%SMR,FR,Production|Electricity|Reservoir,TWh/year,12.75450022,16.25570932,16.72498608,18.38784862,18.38774127,18.38763391,19.85469183
TIAM-UCL,SSP2-RCP45,N03_UB-H2_-10%SMR,FR,Production|Electricity|Pumped storage hydro,TWh/year,4.905577006,4.947389793,5.386869496,2.411295248,5.812890103,9.214484959,11.64197616
TIAM-UCL,SSP2-RCP45,N03_UB-H2_-10%SMR,FR,Production|Electricity|Renewable|Wind turbines|Onshore,TWh/year,30.23619282,35.07345978,35.6593363,58.81838051,63.25304623,67.68771194,80.74874666
TIAM-UCL,SSP2-RCP45,N03_UB-H2_-10%SMR,FR,Production|Electricity|Renewable|Wind turbines|Offshore,TWh/year,0,0,3.320059183,15.84565449,29.7534061,43.6611577,72.55279544
TIAM-UCL,SSP2-RCP45,N03_UB-H2_-10%SMR,FR,Production|Electricity|Renewable|Photovoltaic,TWh/year,10.34630787,11.04328079,20.39896304,36.42778178,46.24487084,56.06195989,79.81738857
TIAM-UCL,SSP2-RCP45,N03_UB-H2_-10%SMR,FR,Production|Electricity|Renewable|Biomass,TWh/year,2.319000039,2.208656158,2.632739331,2.239059873,3.229388642,4.219717411,4.563654655
TIAM-UCL,SSP2-RCP45,N03_UB-H2_-10%SMR,FR,Production|Electricity|Renewable|Biogas,TWh/year,2.319000039,2.562041143,2.465499643,2.239059873,3.229388642,4.219717411,4.563654655
TIAM-UCL,SSP2-RCP45,N03_UB-H2_-10%SMR,FR,Production|Electricity|Renewable|Wave,TWh/year,0,0,0,0,0,0,0
TIAM-UCL,SSP2-RCP45,N03_UB-H2_-10%SMR,FR,Production|Electricity|Nuclear|Pressure water reactor,TWh/year,338.0388519,295.0764626,300.9520238,303.9093189,292.4970842,281.0848496,138.9586275
TIAM-UCL,SSP2-RCP45,N03_UB-H2_-10%SMR,FR,Production|Electricity|Nuclear|Evolutionary power reactor,TWh/year,0,0,0,0,18.81649499,37.63298997,151.1594185
TIAM-UCL,SSP2-RCP45,N03_UB-H2_-10%SMR,FR,Production|Electricity|Nuclear|Small modular reactor,TWh/year,0,0,0,0,2.884908842,5.769817685,25.14666851
TIAM-UCL,SSP2-RCP45,N03_UB-H2_-10%SMR,FR,Production|Electricity|Thermal|Coal,TWh/year,1.386610397,1.207298721,0.6034234,0,0,0,0
TIAM-UCL,SSP2-RCP45,N03_UB-H2_-10%SMR,FR,Production|Electricity|Thermal|Oil|Conventional,TWh/year,1.467153282,0.232440299,0.348579989,0,0,0,0
TIAM-UCL,SSP2-RCP45,N03_UB-H2_-10%SMR,FR,Production|Electricity|Thermal|Oil|Cogeneration,TWh/year,0.606075566,0.521052467,0.488434329,0,0,0,0
TIAM-UCL,SSP2-RCP45,N03_UB-H2_-10%SMR,FR,Production|Electricity|Thermal|Natural gas|CCP,TWh/year,22.72263269,19.52452043,6.923350327,15.80087329,8.44038824,1.07990319,0
TIAM-UCL,SSP2-RCP45,N03_UB-H2_-10%SMR,FR,Production|Electricity|Thermal|Natural gas|Cogeneration,TWh/year,11.01703403,9.894779586,4.141657901,7.661029473,4.092309449,0.523589426,0
TIAM-UCL,SSP2-RCP45,N03_UB-H2_-10%SMR,FR,Production|Electricity|Thermal|Natural gas|Conventional,TWh/year,0.688564627,0.971808709,3.425707648,0.478814342,0.285863143,0.092911943,0
TIAM-UCL,SSP2-RCP45,N03_UB-H2_-10%SMR,FR,Production|Electricity|Thermal|Hydrogen,TWh/year,0,0,0,0,0,0,0
TIAM-UCL,SSP2-RCP45,N03_UB-H2_-10%SMR,FR,Production|Electricity|Flexibilities|Battery,TWh/year,0,0,0,0.172235375,0.086117688,0,0
TIAM-UCL,SSP2-RCP45,N03_UB-H2_-10%SMR,FR,Production|Electricity|Conventional|Waste-to-Energy,TWh/year,1.962230802,1.943617419,3.658986366,1.894589123,1.722344698,1.550100273,1.676444567
TIAM-UCL,SSP2-RCP45,N03_UB-H2_-10%SMR,FR,Production|Electricity|Import,TWh/year,1.6,2.7,0.33844,3,4.74,6.48,26.34
TIAM-UCL,SSP2-RCP45,N03_UB-H2_-10%SMR,FR,Production|Electricity|Export,TWh/year,57.7,57.7,89.9089705,80.92,86.15,91.38,42.89
TIAM-UCL,SSP2-RCP45,N03_UB-H2_-10%SMR,FR,Production|Electricity|Total (w/o export correction),TWh/year,533.879078,495.1194395,536.876415,582.9,620.5800938,658.2601876,672.1155276
TIAM-UCL,SSP2-RCP45,N03_UB-H2_-10%SMR,FR,Transformation|Electricity|High to medium,TWh/year,475.8168472,438.1758221,443.6468981,503.0854109,537.4477491,571.8100873,653.889083
TIAM-UCL,SSP2-RCP45,N03_UB-H2_-10%SMR,FR,Transformation|Electricity|Medium to low,TWh/year,477.779078,440.1194395,447.3058845,504.98,539.1700938,573.3601876,655.5655276
TIAM-UCL,SSP2-RCP45,N03_UB-H2_-10%SMR,FR,Compensation for losses|Electricity|High,ratio,0.969743434,0.969743434,0.969743434,0.969743434,0.969743434,0.969743434,0.969743434
TIAM-UCL,SSP2-RCP45,N03_UB-H2_-10%SMR,FR,Compensation for losses|Electricity|Medium,ratio,0.995814607,0.995814607,0.995814607,0.995814607,0.995814607,0.995814607,0.995814607
TIAM-UCL,SSP2-RCP45,N03_UB-H2_-10%SMR,FR,Compensation for losses|Electricity|Low,ratio,0.970138159,0.970138159,0.970138159,0.970138159,0.970138159,0.970138159,0.970138159
TIAM-UCL,SSP2-RCP45,N03_UB-H2_-10%SMR,FR,Efficiency|AE|Stack|Steel,-,0.1,0.1,0.116,0.14,0.16,0.18,0.25
TIAM-UCL,SSP2-RCP45,N03_UB-H2_-10%SMR,FR,Efficiency|Hydrogen|AE|Capacity Factor,-,0.95,0.95,0.95,0.95,0.95,0.95,0.95
TIAM-UCL,SSP2-RCP45,N03_UB-H2_-10%SMR,FR,Efficiency|Hydrogen|AE|Conversion Factor,-,0.477761836,0.477761836,0.477761836,0.596774194,0.601083032,0.605454545,0.614391144
TIAM-UCL,SSP2-RCP45,N03_UB-H2_-10%SMR,FR,Efficiency|Hydrogen|AE|Electricity,-,0.477761836,0.477761836,0.477761836,0.596774194,0.601083032,0.605454545,0.614391144
TIAM-UCL,SSP2-RCP45,N03_UB-H2_-10%SMR,FR,Efficiency|Hydrogen|AE|Lifespan,-,0.1,0.1,0.1,0.15,0.15,0.15,0.15
TIAM-UCL,SSP2-RCP45,N03_UB-H2_-10%SMR,FR,Efficiency|Hydrogen|PEM|Capacity Factor,-,0.95,0.95,0.95,0.95,0.95,0.95,0.95
TIAM-UCL,SSP2-RCP45,N03_UB-H2_-10%SMR,FR,Efficiency|Hydrogen|PEM|Electricity,-,0.483309144,0.483309144,0.483309144,0.589380531,0.598920863,0.608775137,0.629489603
TIAM-UCL,SSP2-RCP45,N03_UB-H2_-10%SMR,FR,Efficiency|Hydrogen|PEM|Conversion Factor,-,0.483309144,0.483309144,0.483309144,0.589380531,0.598920863,0.608775137,0.629489603
TIAM-UCL,SSP2-RCP45,N03_UB-H2_-10%SMR,FR,Efficiency|Hydrogen|PEM|Lifespan,-,0.1,0.1,0.1,0.1,0.1,0.15,0.15
TIAM-UCL,SSP2-RCP45,N03_UB-H2_-10%SMR,FR,Efficiency|PEM|Stack|Activated Carbon,-,0.1,0.1,0.108,0.13,0.14,0.16,0.2
TIAM-UCL,SSP2-RCP45,N03_UB-H2_-10%SMR,FR,Efficiency|PEM|Stack|Iridium,-,0.01,0.01,0.018,0.03,0.05,0.09,0.25
TIAM-UCL,SSP2-RCP45,N03_UB-H2_-10%SMR,FR,Efficiency|PEM|Stack|Nafion,-,0.1,0.1,0.132,0.2,0.28,0.4,0.8
TIAM-UCL,SSP2-RCP45,N03_UB-H2_-10%SMR,FR,Efficiency|PEM|Stack|Platinum,-,0.1,0.1,0.116,0.15,0.19,0.24,0.37
TIAM-UCL,SSP2-RCP45,N03_UB-H2_-10%SMR,FR,Efficiency|PEM|Stack|Steel,-,0.1,0.1,0.116,0.14,0.16,0.18,0.25
TIAM-UCL,SSP2-RCP45,N03_UB-H2_-10%SMR,FR,Efficiency|PEM|Stack|Titanium,-,0.01,0.01,0.018,0.02,0.04,0.06,0.15
TIAM-UCL,SSP2-RCP45,N03_UB-H2_-10%SMR,FR,Production|Hydrogen|AE,kt/year,0,0,2.403284485,4.539800614,4.539800614,4.539800614,4.539800614
TIAM-UCL,SSP2-RCP45,N03_UB-H2_-10%SMR,FR,Production|Hydrogen|PEM,kt/year,0,0,0.784326316,80.53017235,93.94215235,93.94215235,93.94215235
TIAM-UCL,SSP2-RCP45,N03_UB-H2_-10%SMR,FR,Production|Hydrogen|GenericElectrolysis,kt/year,0,0,0,381.2202897,907.4642422,890.4026348,890.4026348
TIAM-UCL,SSP2-RCP45,N03_UB-H2_-10%SMR,FR,Production|Hydrogen|SMR_NG,kt/year,466.402,466.402,466.402,443.0819,419.7618,419.7618,419.7618
TIAM-UCL,SSP2-RCP45,N03_UB-H2_-10%SMR,FR,Production|Hydrogen|SMR_NG_wCCS,kt/year,0,0,10.612,10.612,10.612,10.612,10.612
TIAM-UCL,SSP2-RCP45,N03_UB-H2_-10%SMR,FR,Production|Hydrogen|SMR_biogas_wCCU,kt/year,0,0,0,20,20,20,20
TIAM-UCL,SSP2-RCP45,N03_UB-H2_-10%SMR,FR,Production|Hydrogen|Methane_Pyrolysis,kt/year,0,0,0,0,18.01428571,18.01428571,18.01428571
TIAM-UCL,SSP2-RCP45,N03_UB-H2_-10%SMR,FR,Production|Hydrogen|Coproduct_SteamCracking,kt/year,38.34,38.34,38.34,38.34,38.34,38.34,38.34
TIAM-UCL,SSP2-RCP45,N03_UB-H2_-10%SMR,FR,Production|Hydrogen|Coproduct_ChlorAlkali,kt/year,31.784,31.784,31.784,31.784,31.784,31.784,31.784
TIAM-UCL,SSP2-RCP45,N03_UB-H2_-10%SMR,FR,Production|PEM|Stack,-,0,0,0,0,0,0,0
TIAM-UCL,SSP2-RCP45,N03_UB-H2_-10%SMR,FR,Production|AE|Stack,-,0,0,0,0,0,0,0
TIAM-UCL,SSP2-RCP45,N03_LB-H2_-10%SMR,FR,Production|Electricity|Run-of-river hydro,TWh/year,35.40934675,35.95692224,39.83682768,35.69405908,35.69385069,35.6936423,38.5414606
TIAM-UCL,SSP2-RCP45,N03_LB-H2_-10%SMR,FR,Production|Electricity|Reservoir,TWh/year,12.75450022,16.25570932,16.72498608,18.38784862,18.38774127,18.38763391,19.85469183
TIAM-UCL,SSP2-RCP45,N03_LB-H2_-10%SMR,FR,Production|Electricity|Pumped storage hydro,TWh/year,4.905577006,4.947389793,5.386869496,2.411295248,5.812890103,9.214484959,11.64197616
TIAM-UCL,SSP2-RCP45,N03_LB-H2_-10%SMR,FR,Production|Electricity|Renewable|Wind turbines|Onshore,TWh/year,30.23619282,35.07345978,35.6593363,58.81838051,63.25304623,67.68771194,80.74874666
TIAM-UCL,SSP2-RCP45,N03_LB-H2_-10%SMR,FR,Production|Electricity|Renewable|Wind turbines|Offshore,TWh/year,0,0,3.320059183,15.84565449,29.7534061,43.6611577,72.55279544
TIAM-UCL,SSP2-RCP45,N03_LB-H2_-10%SMR,FR,Production|Electricity|Renewable|Photovoltaic,TWh/year,10.34630787,11.04328079,20.39896304,36.42778178,46.24487084,56.06195989,79.81738857
TIAM-UCL,SSP2-RCP45,N03_LB-H2_-10%SMR,FR,Production|Electricity|Renewable|Biomass,TWh/year,2.319000039,2.208656158,2.632739331,2.239059873,3.229388642,4.219717411,4.563654655
TIAM-UCL,SSP2-RCP45,N03_LB-H2_-10%SMR,FR,Production|Electricity|Renewable|Biogas,TWh/year,2.319000039,2.562041143,2.465499643,2.239059873,3.229388642,4.219717411,4.563654655
TIAM-UCL,SSP2-RCP45,N03_LB-H2_-10%SMR,FR,Production|Electricity|Renewable|Wave,TWh/year,0,0,0,0,0,0,0
TIAM-UCL,SSP2-RCP45,N03_LB-H2_-10%SMR,FR,Production|Electricity|Nuclear|Pressure water reactor,TWh/year,338.0388519,295.0764626,300.9520238,303.9093189,292.4970842,281.0848496,138.9586275
TIAM-UCL,SSP2-RCP45,N03_LB-H2_-10%SMR,FR,Production|Electricity|Nuclear|Evolutionary power reactor,TWh/year,0,0,0,0,18.81649499,37.63298997,151.1594185
TIAM-UCL,SSP2-RCP45,N03_LB-H2_-10%SMR,FR,Production|Electricity|Nuclear|Small modular reactor,TWh/year,0,0,0,0,2.884908842,5.769817685,25.14666851
TIAM-UCL,SSP2-RCP45,N03_LB-H2_-10%SMR,FR,Production|Electricity|Thermal|Coal,TWh/year,1.386610397,1.207298721,0.6034234,0,0,0,0
TIAM-UCL,SSP2-RCP45,N03_LB-H2_-10%SMR,FR,Production|Electricity|Thermal|Oil|Conventional,TWh/year,1.467153282,0.232440299,0.348579989,0,0,0,0
TIAM-UCL,SSP2-RCP45,N03_LB-H2_-10%SMR,FR,Production|Electricity|Thermal|Oil|Cogeneration,TWh/year,0.606075566,0.521052467,0.488434329,0,0,0,0
TIAM-UCL,SSP2-RCP45,N03_LB-H2_-10%SMR,FR,Production|Electricity|Thermal|Natural gas|CCP,TWh/year,22.72263269,19.52452043,6.923350327,15.80087329,8.44038824,1.07990319,0
TIAM-UCL,SSP2-RCP45,N03_LB-H2_-10%SMR,FR,Production|Electricity|Thermal|Natural gas|Cogeneration,TWh/year,11.01703403,9.894779586,4.141657901,7.661029473,4.092309449,0.523589426,0
TIAM-UCL,SSP2-RCP45,N03_LB-H2_-10%SMR,FR,Production|Electricity|Thermal|Natural gas|Conventional,TWh/year,0.688564627,0.971808709,3.425707648,0.478814342,0.285863143,0.092911943,0
TIAM-UCL,SSP2-RCP45,N03_LB-H2_-10%SMR,FR,Production|Electricity|Thermal|Hydrogen,TWh/year,0,0,0,0,0,0,0
TIAM-UCL,SSP2-RCP45,N03_LB-H2_-10%SMR,FR,Production|Electricity|Flexibilities|Battery,TWh/year,0,0,0,0.172235375,0.086117688,0,0
TIAM-UCL,SSP2-RCP45,N03_LB-H2_-10%SMR,FR,Production|Electricity|Conventional|Waste-to-Energy,TWh/year,1.962230802,1.943617419,3.658986366,1.894589123,1.722344698,1.550100273,1.676444567
TIAM-UCL,SSP2-RCP45,N03_LB-H2_-10%SMR,FR,Production|Electricity|Import,TWh/year,1.6,2.7,0.33844,3,4.74,6.48,26.34
TIAM-UCL,SSP2-RCP45,N03_LB-H2_-10%SMR,FR,Production|Electricity|Export,TWh/year,57.7,57.7,89.9089705,80.92,86.15,91.38,42.89
TIAM-UCL,SSP2-RCP45,N03_LB-H2_-10%SMR,FR,Production|Electricity|Total (w/o export correction),TWh/year,533.879078,495.1194395,536.876415,582.9,620.5800938,658.2601876,672.1155276
TIAM-UCL,SSP2-RCP45,N03_LB-H2_-10%SMR,FR,Transformation|Electricity|High to medium,TWh/year,475.8168472,438.1758221,443.6468981,503.0854109,537.4477491,571.8100873,653.889083
TIAM-UCL,SSP2-RCP45,N03_LB-H2_-10%SMR,FR,Transformation|Electricity|Medium to low,TWh/year,477.779078,440.1194395,447.3058845,504.98,539.1700938,573.3601876,655.5655276
TIAM-UCL,SSP2-RCP45,N03_LB-H2_-10%SMR,FR,Compensation for losses|Electricity|High,ratio,0.969743434,0.969743434,0.969743434,0.969743434,0.969743434,0.969743434,0.969743434
TIAM-UCL,SSP2-RCP45,N03_LB-H2_-10%SMR,FR,Compensation for losses|Electricity|Medium,ratio,0.995814607,0.995814607,0.995814607,0.995814607,0.995814607,0.995814607,0.995814607
TIAM-UCL,SSP2-RCP45,N03_LB-H2_-10%SMR,FR,Compensation for losses|Electricity|Low,ratio,0.970138159,0.970138159,0.970138159,0.970138159,0.970138159,0.970138159,0.970138159
TIAM-UCL,SSP2-RCP45,N03_LB-H2_-10%SMR,FR,Efficiency|AE|Stack|Steel,-,0.1,0.1,0.116,0.14,0.16,0.18,0.25
TIAM-UCL,SSP2-RCP45,N03_LB-H2_-10%SMR,FR,Efficiency|Hydrogen|AE|Capacity Factor,-,0.95,0.95,0.95,0.95,0.95,0.95,0.95
TIAM-UCL,SSP2-RCP45,N03_LB-H2_-10%SMR,FR,Efficiency|Hydrogen|AE|Conversion Factor,-,0.477761836,0.477761836,0.477761836,0.596774194,0.601083032,0.605454545,0.614391144
TIAM-UCL,SSP2-RCP45,N03_LB-H2_-10%SMR,FR,Efficiency|Hydrogen|AE|Electricity,-,0.477761836,0.477761836,0.477761836,0.596774194,0.601083032,0.605454545,0.614391144
TIAM-UCL,SSP2-RCP45,N03_LB-H2_-10%SMR,FR,Efficiency|Hydrogen|AE|Lifespan,-,0.1,0.1,0.1,0.15,0.15,0.15,0.15
TIAM-UCL,SSP2-RCP45,N03_LB-H2_-10%SMR,FR,Efficiency|Hydrogen|PEM|Capacity Factor,-,0.95,0.95,0.95,0.95,0.95,0.95,0.95
TIAM-UCL,SSP2-RCP45,N03_LB-H2_-10%SMR,FR,Efficiency|Hydrogen|PEM|Electricity,-,0.483309144,0.483309144,0.483309144,0.589380531,0.598920863,0.608775137,0.629489603
TIAM-UCL,SSP2-RCP45,N03_LB-H2_-10%SMR,FR,Efficiency|Hydrogen|PEM|Conversion Factor,-,0.483309144,0.483309144,0.483309144,0.589380531,0.598920863,0.608775137,0.629489603
TIAM-UCL,SSP2-RCP45,N03_LB-H2_-10%SMR,FR,Efficiency|Hydrogen|PEM|Lifespan,-,0.1,0.1,0.1,0.1,0.1,0.15,0.15
TIAM-UCL,SSP2-RCP45,N03_LB-H2_-10%SMR,FR,Efficiency|PEM|Stack|Activated Carbon,-,0.1,0.1,0.108,0.13,0.14,0.16,0.2
TIAM-UCL,SSP2-RCP45,N03_LB-H2_-10%SMR,FR,Efficiency|PEM|Stack|Iridium,-,0.01,0.01,0.018,0.03,0.05,0.09,0.25
TIAM-UCL,SSP2-RCP45,N03_LB-H2_-10%SMR,FR,Efficiency|PEM|Stack|Nafion,-,0.1,0.1,0.132,0.2,0.28,0.4,0.8
TIAM-UCL,SSP2-RCP45,N03_LB-H2_-10%SMR,FR,Efficiency|PEM|Stack|Platinum,-,0.1,0.1,0.116,0.15,0.19,0.24,0.37
TIAM-UCL,SSP2-RCP45,N03_LB-H2_-10%SMR,FR,Efficiency|PEM|Stack|Steel,-,0.1,0.1,0.116,0.14,0.16,0.18,0.25
TIAM-UCL,SSP2-RCP45,N03_LB-H2_-10%SMR,FR,Efficiency|PEM|Stack|Titanium,-,0.01,0.01,0.018,0.02,0.04,0.06,0.15
TIAM-UCL,SSP2-RCP45,N03_LB-H2_-10%SMR,FR,Production|Hydrogen|AE,kt/year,0,0,2.403284485,4.539800614,4.539800614,4.539800614,4.539800614
TIAM-UCL,SSP2-RCP45,N03_LB-H2_-10%SMR,FR,Production|Hydrogen|PEM,kt/year,0,0,0.784326316,23.03118203,23.03118203,23.03118203,23.03118203
TIAM-UCL,SSP2-RCP45,N03_LB-H2_-10%SMR,FR,Production|Hydrogen|GenericElectrolysis,kt/year,0,0,0,1.599525691,1.599525691,1.599525691,1.599525691
TIAM-UCL,SSP2-RCP45,N03_LB-H2_-10%SMR,FR,Production|Hydrogen|SMR_NG,kt/year,466.402,466.402,466.402,443.0819,419.7618,419.7618,419.7618
TIAM-UCL,SSP2-RCP45,N03_LB-H2_-10%SMR,FR,Production|Hydrogen|SMR_NG_wCCS,kt/year,0,0,10.612,10.612,10.612,10.612,10.612
TIAM-UCL,SSP2-RCP45,N03_LB-H2_-10%SMR,FR,Production|Hydrogen|SMR_biogas_wCCU,kt/year,0,0,0,20,20,20,20
TIAM-UCL,SSP2-RCP45,N03_LB-H2_-10%SMR,FR,Production|Hydrogen|Methane_Pyrolysis,kt/year,0,0,0,0,0,0,0
TIAM-UCL,SSP2-RCP45,N03_LB-H2_-10%SMR,FR,Production|Hydrogen|Coproduct_SteamCracking,kt/year,38.34,38.34,38.34,38.34,38.34,38.34,38.34
TIAM-UCL,SSP2-RCP45,N03_LB-H2_-10%SMR,FR,Production|Hydrogen|Coproduct_ChlorAlkali,kt/year,31.784,31.784,31.784,31.784,31.784,31.784,31.784
TIAM-UCL,SSP2-RCP45,N03_LB-H2_-10%SMR,FR,Production|PEM|Stack,-,0,0,0,0,0,0,0
TIAM-UCL,SSP2-RCP45,N03_LB-H2_-10%SMR,FR,Production|AE|Stack,-,0,0,0,0,0,0,0
